Version,Segment,Sysytem Source ,Source Object Name (Curated),Source Field Name,Source Field Data Type,Transformation Rule,Target System Name ,Target Object Name ,Target Field Name,Target Field Data Type,Target Field Description,Default Value in Target,Mandatory,Comment
v1.1,POLICY,ACTURIS-SDW,,,,,LSM,dim_policy,policy_id,bigint,"Primary Key for dim_policy, this column contains unique autogenerated values.",,Yes,
v1.2,POLICY,ACTURIS-SDW,mo_sdw_policy,mo_plc_exclude_from_autorenewal_key,,When mo_plc_exclude_from_autorenewal_key  is  1 then 'No'  and mo_plc_exclude_from_autorenewal_key  is  0 then 'Yes'.,LSM,dim_policy,auto_renewal_flag,varchar(3),It is the flag to identify the policy automatically continues for another term (usually the same duration as the initial term) unless the customer opts out or cancels before the renewal date on a policy.,,,
v1.1,POLICY,ACTURIS-SDW,mo_sdw_policy,mo_plc_migrated_key,,Direct mapping,LSM,dim_policy,migrated_flag,varchar(3),It's a flag to identify policies migrated from MO to dlg.,,Yes,
v1.2,POLICY,ACTURIS-SDW,mo_sdw_policy_reprt_answer,mo_rept_ans_answer_text,,"1. Join policy table with policy_reprt_fields_up  on policy_key, join policy_reprt_fields_up table with policy_reprt_question on policy_reprt_question_key and policy_reprt_answer on policy_reprt_question_key where question_text column from policy_reprt_question  like 'Gap hire'.",LSM,dim_policy,gap_hire_flag,varchar(16383),It is temporary hiring happened to fill gaps in business operations.,,Yes,
v1.2,POLICY,ACTURIS-SDW,mo_sdw_policy_reprt_answer,mo_rept_ans_answer_text,,"1. Join policy table with policy_reprt_fields_up  on policy_key, join policy_reprt_fields_up table with policy_reprt_question on policy_reprt_question_key and policy_reprt_answer on policy_reprt_question_key where question_text column from policy_reprt_question  like 'Extension type'.
If there is no extension_type  = temporary  then populate N/A.",LSM,dim_policy,extension_type,varchar(16383),It is an additional coverage options  that can be added to the policy terms.,,,
v1.1,POLICY,ACTURIS-SDW,mo_sdw_policy_reprt_answer,mo_rept_ans_answer_text,,"1. Join policy table with policy_reprt_fields_up  on policy_key, join policy_reprt_fields_up table with policy_reprt_question on policy_reprt_question_key and policy_reprt_answer on policy_reprt_question_key where question_text column from policy_reprt_question  like 'Special Terms Applied'.",LSM,dim_policy,special_terms_applied_flag,varchar(16383),It refers to specific conditions or provisions that are applied uniquely or differently from the standard terms in a policy.,,No,
v1.1,POLICY,ACTURIS-SDW,mo_sdw_policy_reprt_answer,mo_rept_ans_answer_text,,"1. Join policy table with policy_reprt_fields_up  on policy_key, join policy_reprt_fields_up table with policy_reprt_question on policy_reprt_question_key and policy_reprt_answer on policy_reprt_question_key where question_text column from policy_reprt_question  like 'Has Customer Appealed?'.",LSM,dim_policy,special_terms_appealed_flag,varchar(16383),"It refers to specific conditions within the policy that have been contested by a policyholder or another party, often through an appeal process seeking clarification or modification.",,No,
v1.1,POLICY,ACTURIS-SDW,mo_sdw_policy_reprt_answer,mo_rept_ans_answer_text,,"1. Join policy table with policy_reprt_fields_up  on policy_key, join policy_reprt_fields_up table with policy_reprt_question on policy_reprt_question_key and policy_reprt_answer on policy_reprt_question_key where question_text column from policy_reprt_question  like 'Was Appeal Upheld??'.",LSM,dim_policy,special_terms_appeal_upheld_flag,varchar(3),It means the contested condition in an insurance policy has been confirmed valid after review.,,No,
v1.1,POLICY,ACTURIS-SDW,mo_sdw_policy,mo_plc_inception_date_key,,Direct mapping,LSM,dim_policy,inception_date,timestamp,The date on which the policy started.,,Yes,
v1.1,POLICY,ACTURIS-SDW,mo_sdw_policy,mo_plc_term_end_date_key,,Direct mapping,LSM,dim_policy,original_end_date,timestamp,The date on which the policy ended.,,Yes,
v1.1,POLICY,ACTURIS-SDW,mo_sdw_policy_reprt_answer,mo_rept_ans_answer_text,,"1. Join policy table with policy_reprt_fields_up  on policy_key, join policy_reprt_fields_up table with policy_reprt_question on policy_reprt_question_key and policy_reprt_answer on policy_reprt_question_key where question_text column from policy_reprt_question  like 'Special Term'.",LSM,dim_policy,special_terms_type,varchar(16383),"Unique conditions or provisions in a policy that differ from standard terms that further specify exceptions or additional details within the policy. For example remove driver, pay additional premium, etc.",,,
v1.1,POLICY,ACTURIS-SDW,mo_sdw_policy_reprt_answer,mo_rept_ans_answer_text,,"1. Join policy table with policy_reprt_fields_up  on policy_key, join policy_reprt_fields_up table with policy_reprt_question on policy_reprt_question_key and policy_reprt_answer on policy_reprt_question_key where question_text column from policy_reprt_question  like 'Special Term 2'.",LSM,dim_policy,special_terms_2_type,varchar(16383),"It is a secondary category or classification of unique conditions or provisions. For example driver excess, policy excess, etc.",,,
v1.1,POLICY,ACTURIS-SDW,mo_sdw_policy_reprt_answer,mo_rept_ans_answer_text,,"1. Join policy table with policy_reprt_fields_up  on policy_key, join policy_reprt_fields_up table with policy_reprt_question on policy_reprt_question_key and policy_reprt_answer on policy_reprt_question_key where question_text column from policy_reprt_question  like 'Special Terms Policy Excess'.",LSM,dim_policy,special_term_policy_excess,varchar(16383),It is an additional amount applied to particular conditions or coverages within an insurance policy.,,,
v1.1,POLICY,ACTURIS-SDW,mo_sdw_policy_reprt_answer,mo_rept_ans_answer_text,,"1. Join policy table with policy_reprt_fields_up  on policy_key, join policy_reprt_fields_up table with policy_reprt_question on policy_reprt_question_key and policy_reprt_answer on policy_reprt_question_key where question_text column from policy_reprt_question  like 'Special Terms Driver Excess'.",LSM,dim_policy,special_term_driver_excess,varchar(16383),It is an additional amount applied to claims involving specific drivers in an insurance policy.,,,
v1.1,POLICY,ACTURIS-SDW,mo_sdw_policy_reprt_answer,mo_rept_ans_answer_text,,"1. Join policy table with policy_reprt_fields_up  on policy_key, join policy_reprt_fields_up table with policy_reprt_question on policy_reprt_question_key and policy_reprt_answer on policy_reprt_question_key where question_text column from policy_reprt_question  like 'Original Special Term'.",LSM,dim_policy,special_terms_original_type,varchar(16383),It specifies the original category of unique conditions or provisions in a policy.,,,
v1.1,POLICY,ACTURIS-SDW,mo_sdw_policy_reprt_answer,mo_rept_ans_answer_text,,"1. Join policy table with policy_reprt_fields_up  on policy_key, join policy_reprt_fields_up table with policy_reprt_question on policy_reprt_question_key and policy_reprt_answer on policy_reprt_question_key where question_text column from policy_reprt_question  like 'Original Special Term Excess'.",LSM,dim_policy,special_terms_original_excess,varchar(16383),It refers to the initial amountapplied to specific conditions within an insurance policy typically before any adjustments or modifications are made.,,No,
v1.2,POLICY,ACTURIS-SDW,mo_sdw_policy_reprt_answer,mo_rept_ans_answer_text,,"1. Join policy table with policy_reprt_fields_up  on policy_key, join policy_reprt_fields_up table with policy_reprt_question on policy_reprt_question_key and policy_reprt_answer on policy_reprt_question_key where question_text column from policy_reprt_question  like 'Special Terms Manual Review Required'.",LSM,dim_policy,special_terms_manual_review_required,varchar(16383),Special term applied on policy which went under manual check.,,,
v1.1,POLICY,ACTURIS-SDW,mo_sdw_policy,mo_plc_insurer_policy_no,,Direct mapping,LSM,dim_policy,policy_number,bigint,Unique indentification number to identify a policy.,,Yes,
v1.1,POLICY,ACTURIS-SDW,mo_sdw_product_question_answer,mo_prd_ques_ans_description,,"1. Join part table with  policy table on policy_key, part_answer_bridge table on part_key and product_question table on product_question_key 2. Populate when question_text column from product_question table is 'Scheme type'.",LSM,dim_policy,scheme_type,varchar(16383),"Type of scheme for the policy like family fund, core fleet and PWS.",,Yes,
v1.1,POLICY,ACTURIS-SDW,mo_sdw_product_question_answer,mo_prd_ques_ans_description,,"1. Join part table with  policy table on policy_key, part_answer_bridge table on part_key and product_question table on product_question_key 2. Populate when question_text column from product_question table is 'Policy type'.",LSM,dim_policy,policy_type,varchar(16383),Type of policy whether it is open or standard.,,Yes,
v1.1,POLICY,ACTURIS-SDW,mo_sdw_policy,mo_plc_oldpolrefno,,Direct mapping,LSM,dim_policy,arn,varchar(16383),Old Referrence Number of the policy from Motability.,,No,
v1.4,POLICY,ACTURIS-SDW,,,,when lifecycle_status is 'Cancellation' and transaction_status='Live' or  'Lapsed'  and void_ind=0 then isactive = 0 else policy live status from fact_insured_risk_snapshot table.,LSM,dim_policy,isactive,integer,"isactive is 1 for all the live policies but the policies which are live but cancelled, lapsed and voided will not be considered as live so there are not active policies.",,,
v1.6,POLICY,ACTURIS-SDW,mo_sdw_product_question_answer,mo_prd_ques_ans_description,,"1. Join part table with  policy table on policy_key, part_answer_bridge table on part_key and product_question table on product_question_key 2. Populate when question_text column from product_question table is 'Cover level'.",LSM,dim_policy,cover_level,,,,,
v1.1,POLICY,ACTURIS-SDW,mo_sdw_policy,mo_plc_insurer_policy_no,,Direct mapping,LSM,dim_policy,Business_key,varchar(16383),Technical column which has source business keys and it is unique for all the records.,,,
v1.1,Segment,Sysytem Source ,Source Object Name (Curated),Source Field Name,Source Field Data Type,Transformation Rule,Target System Name ,Target Object Name ,Target Field Name,Target Field Data Type,Target Field Description,Default Value in Target,Mandatory,Comment
v1.1,POLICY,ACTURIS-SDW,,,,,LSM,dim_transaction_status,transaction_status_id,bigint,"Primary Key for dim_transaction_status, this column contains unique autogenerated values.",,,
v1.1,POLICY,ACTURIS-SDW,mo_sdw_policy,mo_plc_policy_status_description,,Direct mapping,LSM,dim_transaction_status,transaction_status,varchar(16383),"It refers to the current state of a policy, indicating whether it is live, expired, cancelled, pending,etc.",,Yes,
v1.1,POLICY,ACTURIS-SDW,mo_sdw_policy,mo_plc_policy_status_description,,Direct mapping,LSM,dim_transaction_status,Business_key,varchar(16383),Technical column which has source business keys and it is unique for all the records.,,,
v1.1,Segment,Sysytem Source ,Source Object Name (Curated),Source Field Name,Source Field Data Type,Transformation Rule,Target System Name ,Target Object Name ,Target Field Name,Target Field Data Type,Target Field Description,Default Value in Target,Default Value in Target,Comment
v1.1,POLICY,ACTURIS-SDW,,,,,LSM,dim_lifecycle_status,lifecycle_status_id,bigint,"Primary Key for dim_lifecycle_status, this column contains unique autogenerated values.",,,
v1.1,POLICY,ACTURIS-SDW,mo_sdw_policy,mo_plc_business_event_description,,Direct mapping,LSM,dim_lifecycle_status,lifecycle_status,mo,"Business event ia an event happens on a policy in form of an  update like new business, MTA, TMTA, cancellation,etc.",,Yes,
v1.1,POLICY,ACTURIS-SDW,mo_sdw_policy,mo_plc_business_event_description,,Direct mapping,LSM,dim_lifecycle_status,Business_key,varchar(16383),Technical column which has source business keys and it is unique for all the records.,,,
v1.1,Segment,Sysytem Source ,Source Object Name (Curated),Source Field Name,Source Field Data Type,Transformation Rule,Target System Name ,Target Object Name ,Target Field Name,Target Field Data Type,Target Field Description,Default Value in Target,Mandatory,Comment
v1.1,VEHICLE,ACTURIS-SDW,,,,,LSM,dim_vehicle,vehicle_id,bigint,"Primary Key for dim_vehicle, this column contains unique autogenerated values.",,Yes,
v1.1,VEHICLE,ACTURIS-SDW,mo_sdw_part_answer_bridge,mo_prt_ans_brd_answer_text,,"1. Join part table with  policy table on policy_key, part_answer_bridge table on part_key and product_question table on product_question_key 2. Populate when question_text column from product_question table is 'Registration number'.",LSM,dim_vehicle,registration_number,varchar(16383),It is the unique alphanumeric code assigned to a vehicle for official identification and registration purposes.,,Yes,
v1.1,VEHICLE,ACTURIS-SDW,mo_sdw_part_answer_bridge,mo_prt_ans_brd_answer_text,,"1.Join part table with  policy table on policy_key, part_answer_bridge table on part_key and product_question table on product_question_key 2. Populate when question_text column from product_question table is 'Vehicle make'.",LSM,dim_vehicle,vehicle_make,varchar(16383),"It refers to the brand or manufacturer of a vehicle, indicating the company that produced it.",,,
v1.1,VEHICLE,ACTURIS-SDW,mo_sdw_part_answer_bridge,mo_prt_ans_brd_answer_text,,"1.Join part table with  policy table on policy_key, part_answer_bridge table on part_key and product_question table on product_question_key 2. Populate when question_text column from product_question table is 'Vehicle model'.",LSM,dim_vehicle,vehicle_model,varchar(16383),It refers to the specific design or series of a vehicle produced by a manufacturer,,,
v1.2,VEHICLE,ACTURIS-SDW,mo_sdw_part_answer_bridge,mo_prt_ans_brd_answer_text,,"1.Join part table with  policy table on policy_key, part_answer_bridge table on part_key and product_question table on product_question_key 2. Populate when question_text column from product_question table is 'Vehicle marque'.",LSM,dim_vehicle,vehicle_marque,varchar(16383),"It refers to the details of the model like classic, hybrid, etc.",,,
v1.2,VEHICLE,ACTURIS-SDW,mo_sdw_part_answer_bridge,mo_prt_ans_brd_answer_text,,"1.Join part table with  policy table on policy_key, part_answer_bridge table on part_key and product_question table on product_question_key 2. Populate when question_text column from product_question table is 'BHP'.",LSM,dim_vehicle,BHP,varchar(16383),brake horsepower is a measure of an engine's power output before transmission losses.,,,
v1.2,VEHICLE,ACTURIS-SDW,mo_sdw_product_question_answer,mo_prd_ques_ans_description,,"1.Join part table with  policy table on policy_key, part_answer_bridge table on part_key,left join product_question_answer table on answer_keyand product_question table on product_question_key 2. Populate details from description column of product_question_answer table  when question_text column from product_question table is 'Vehicle type'.",LSM,dim_vehicle,vehicle_type,varchar(16383),It categorizes a vehicle based on its design and intended use.,,,
v1.2,VEHICLE,ACTURIS-SDW,mo_sdw_part_answer_bridge,mo_prt_ans_brd_answer_text,,"1.Join part table with  policy table on policy_key, part_answer_bridge table on part_key and product_question table on product_question_key 2. Populate when question_text column from product_question table is  'ABI group'.",LSM,dim_vehicle,ABI_group,varchar(16383),It is a classification system used by insurers in the UK to categorize vehicles based on risk and characteristics.,,,
v1.2,VEHICLE,ACTURIS-SDW,mo_sdw_part_answer_bridge,mo_prt_ans_brd_answer_text,,"1.Join part table with  policy table on policy_key, part_answer_bridge table on part_key and product_question table on product_question_key 2. Populate when question_text column from product_question table is  'PWS value'.",LSM,dim_vehicle,pws_value,varchar(16383),It refers to the total amount of premiums written and submitted by an insurer within a specified period.,,,
v1.2,VEHICLE,ACTURIS-SDW,mo_sdw_part_answer_bridge,mo_prt_ans_brd_answer_text,,"1.Join part table with  policy table on policy_key, part_answer_bridge table on part_key and product_question table on product_question_key 2. Populate when question_text column from product_question table is  'PWS category'.",LSM,dim_vehicle,pws_category,varchar(16383),It classifies based on their premium writing characteristics.,,,
v1.1,VEHICLE,ACTURIS-SDW,mo_sdw_part_answer_bridge,mo_prt_ans_brd_answer_text,,"1.Join part table with  policy table on policy_key, part_answer_bridge table on part_key and product_question table on product_question_key 2. Populate when question_text column from product_question table is  'Transmission type'.",LSM,dim_vehicle,transmission_type,varchar(16383),"It states the method by which a vehicle's engine transfers power to its wheels like automatic, manual,etc.",,,
v1.1,VEHICLE,ACTURIS-SDW,mo_sdw_part_answer_bridge,mo_prt_ans_brd_answer_text,,"1.Join part table with  policy table on policy_key, part_answer_bridge table on part_key and product_question table on product_question_key 2. Populate when question_text column from product_question table is 'Vehicle_Security_Features'.",LSM,dim_vehicle,vehicle_security_features,varchar(100),Technologies and mechanisms that improve the safety and protection of a vehicle against theft or unauthorized access.,,,
v1.2,VEHICLE,ACTURIS-SDW,mo_sdw_part_answer_bridge,mo_prt_ans_brd_answer_text,,"1.Join part table with  policy table on policy_key, part_answer_bridge table on part_key and product_question table on product_question_key 2. Populate when question_text column from product_question table is 'Fuel type'.",LSM,dim_vehicle,fuel_type,varchar(16383),"It refers to the type of fuel that a vehicle is designed to use, such as gasoline, diesel, electric, hybrid,etc.",,,
v1.2,VEHICLE,ACTURIS-SDW,mo_sdw_product_question_answer,mo_prd_ques_ans_description,,"1.Join part table with  policy table on policy_key, part_answer_bridge table on part_key,left join product_question_answer table on answer_keyand product_question table on product_question_key 2. Populate details from description column of product_question_answer table  when question_text column from product_question table is 'Any adaptations'.",LSM,dim_vehicle,adaptation_flag,varchar(16383),To determine adaptation against a vehicle(if any).,,,
v1.1,VEHICLE,ACTURIS-SDW,mo_sdw_part_answer_bridge,mo_prt_ans_brd_answer_text,,same as registration number  - registration number is unique,LSM,dim_vehicle,business_key,varchar(32766),Technical column which has source business keys and it is unique for all the records.,,,
v1.1,VEHICLE,ACTURIS-SDW,mo_sdw_part_answer_bridge,mo_prt_ans_brd_answer_text,,same as registration number  - registration number is unique,LSM,dim_vehicle,adaptation_key,varchar(100),This key is used to get the adaptation information against the specified vehcile from dim_adaptation.,,,
Version,Segment,Sysytem Source ,Source Object Name (Curated),Source Field Name,Source Field Data Type,Transformation Rule,Target System Name ,Target Object Name ,Target Field Name,Target Field Data Type,Target Field Description,Default Value in Target,Mandatory,Comment
v1.2,VEHICLE,ACTURIS-SDW,mo_sdw_part_answer_bridge,mo_prt_ans_brd_answer_text,,same as registration number  - registration number is unique,LSM,dim_adaptation,adaptation_key,varchar(300),"Primary Key for dim_adaptation, this column contains unique autogenerated values.",,,
v1.1,VEHICLE,ACTURIS-SDW,mo_sdw_part_answer_bridge,mo_prt_ans_brd_answer_text,,"1.Join part table with  policy table on policy_key, part_answer_bridge table on part_key and product_question table on product_question_key 2. Populate when question_text column from product_question table is 'Adaptations type'.",LSM,dim_adaptation,adaptation_type,varchar(16383),It refers to the specific type of adaptation made to accommodate a particular need or requirement for a vehicle.,,Yes,
v1.1,VEHICLE,ACTURIS-SDW,mo_sdw_part_answer_bridge,mo_prt_ans_brd_answer_text,,"1.Join part table with  policy table on policy_key, part_answer_bridge table on part_key and product_question table on product_question_key 2. Populate when question_text column from product_question table is 'Other adaptations type'.",LSM,dim_adaptation,other_adaptation_type,varchar(16383),Other adapatation which are not present in adaptation type against a vehicle if any.,,No,
v1.1,VEHICLE,ACTURIS-SDW,mo_sdw_part_answer_bridge,mo_prt_ans_brd_answer_text,,"1.Join part table with  policy table on policy_key, part_answer_bridge table on part_key and product_question table on product_question_key 2. Populate when question_text column from product_question table is 'Adaptation group ID'.",LSM,dim_adaptation,adaptation_group_id,varchar(16383),Group id against an adaptation of a vehicle.,,Yes,
v1.1,VEHICLE,ACTURIS-SDW,mo_sdw_part_answer_bridge,mo_prt_ans_brd_answer_text,,"1.Join part table with  policy table on policy_key, part_answer_bridge table on part_key and product_question table on product_question_key 2. Populate when question_text column from product_question table is 'Adaptation cost'.",LSM,dim_adaptation,adaptation_cost,"numeric(19,6)",Cost of an adaptation against a vehicle.,,Yes,
v1.1,VEHICLE,ACTURIS-SDW,mo_sdw_part_answer_bridge,mo_prt_ans_brd_answer_text,,"1.Join part table with  policy table on policy_key, part_answer_bridge table on part_key and product_question table on product_question_key 2. Populate when question_text column from product_question table is 'Installer details'.",LSM,dim_adaptation,installer_details,varchar,Who installed the adapatation on a vehicle.,,Yes,
v1.2,VEHICLE,ACTURIS-SDW,mo_sdw_part,mo_prt_original_policy_part_key,,Direct Mapping,LSM,dim_adaptation,adaptation_instance_id,numeric(10),Derived Column to find the instance against the adaptation.,,Yes,
v1.2,VEHICLE,ACTURIS-SDW,mo_sdw_part_answer_bridge,mo_prt_ans_brd_answer_text,,same as registration number  - registration number is unique,LSM,dim_adaptation,business_key,varchar,Technical column which has source business keys and it is unique for all the records.,,,
Version,Segment,Sysytem Source ,Source Object Name (Curated),Source Field Name,Source Field Data Type,Transformation Rule,Target System Name ,Target Object Name ,Target Field Name,Target Field Data Type,Target Field Description,Default Value in Target,Mandatory,Comment
v1.1,DRIVER,ACTURIS-SDW,,,,,LSM,dim_driver,driver_id,bigint,"Primary Key for dim_driver, this column contains unique autogenerated values.",,Yes,
v1.1,DRIVER,ACTURIS-SDW,mo_sdw_product_question_answer,mo_prd_ques_ans_description,,"1.Join part table with  policy table on policy_key, part_answer_bridge table on part_key,Join product_question_answer table on answer_keyand product_question table on product_question_key 2. Populate details from description column of product_question_answer table  when question_text column from product_question table is 'Previous conviction'.",LSM,dim_driver,previous_convictions_flag,varchar,It refer to past criminal offenses of the driver that could influence insurance coverage and premiums(if any).,,,
v1.1,DRIVER,ACTURIS-SDW,mo_sdw_product_question_answer,mo_prd_ques_ans_description,,"1.Join part table with  policy table on policy_key, part_answer_bridge table on part_key,left join product_question_answer table on answer_keyand product_question table on product_question_key 2. Populate details from description column of product_question_answer table  when question_text column from product_question table is  'Have you (or anyone on this policy) ever been refused insurance by Motability operations'.",LSM,dim_driver,refused_insurance_flag,varchar,whether a driver has been denied insurance coverage based on specific criteria or circumstances.,,,
v1.1,DRIVER,ACTURIS-SDW,mo_sdw_product_question_answer,mo_prd_ques_ans_description,,"1.Join part table with  policy table on policy_key, part_answer_bridge table on part_key,left join product_question_answer table on answer_keyand product_question table on product_question_key 2. Populate details from description column of product_question_answer table  when question_text column from product_question table is 'Do you have any restrictions on your licence'.",LSM,dim_driver,licence_restriction_flag,varchar,Whether there are specific restrictions or conditions attached to a driver's license that could affect their insurance coverage or premiums.,,,
v1.1,DRIVER,ACTURIS-SDW,mo_sdw_product_question_answer,mo_prd_ques_ans_description,,"1.Join part table with  policy table on policy_key, part_answer_bridge table on part_key,left join product_question_answer table on answer_keyand product_question table on product_question_key 2. Populate details from description column of product_question_answer table  when question_text column from product_question table is 'Does the driver need business use'.",LSM,dim_driver,business_use_flag,varchar,"For driver in insurance policy denotes whether the vehicle is used for business purposes, affecting coverage and premiums.",,,
v1.2,DRIVER,ACTURIS-SDW,mo_sdw_product_question_answer,mo_prd_ques_ans_description,,"1.Join part table with  policy table on policy_key, part_answer_bridge table on part_key,left join product_question_answer table on answer_keyand product_question table on product_question_key 2. Populate details from description column of product_question_answer table  when question_text column from product_question table is 'Is the driver an accredited driving instructor'.",LSM,dim_driver,accredited_instructor_flag,varchar,It indicates if the driver is accredited as an instructor,,,
v1.2,DRIVER,ACTURIS-SDW,mo_sdw_product_question_answer,mo_prd_ques_ans_description,,"1.Join part table with  policy table on policy_key, part_answer_bridge table on part_key,left join product_question_answer table on answer_keyand product_question table on product_question_key 2. Populate details from description column of product_question_answer table  when question_text column from product_question table is 'Data Searches Notification provided to the client'.",LSM,dim_driver,data_search_notification_flag,varchar,"It indicates whether a system notifies users of data searches conducted, often for monitoring and security",,,
v1.1,DRIVER,ACTURIS-SDW,mo_sdw_part_answer_bridge,mo_prt_ans_brd_answer_text,,driver_first_name+driver_surname+driving_licence_number+driver_date_of_birth,LSM,dim_driver,Business_key,varchar,Technical column which has source business keys and it is unique for all the records.,,Yes,
v1.1,DRIVER,ACTURIS-SDW,mo_sdw_part_answer_bridge,mo_prt_ans_brd_answer_text,,driver_first_name+driver_surname+driving_licence_number+driver_date_of_birth,LSM,dim_driver,conviction_key,varchar,This key is used to link the detail of the conviction(s) associated with the driver from dim_conviction table.,,,
v1.1,DRIVER,ACTURIS-SDW,mo_sdw_part_answer_bridge,mo_prt_ans_brd_answer_text,,driver_first_name+driver_surname+driving_licence_number+driver_date_of_birth,LSM,dim_driver,restriction_key,varchar,This key is used to link the detail of the restriction(s) associated with the driver from dim_restriction table.,,,
v1.2,DRIVER,ACTURIS-SDW,mo_sdw_part_answer_bridge,mo_prt_ans_brd_answer_text,,"1.Join part table with  policy table on policy_key, part_answer_bridge table on part_key and product_question table on product_question_key 2. Populate when question_text column from product_question table is 'Date consent given'.",LSM,dim_driver,driver_date_consent,timestamp,It refers to the date a driver granted permission for accessing or processing their personal information on a policy.,,,
v1.1,DRIVER,ACTURIS-SDW,mo_sdw_part_answer_bridge,mo_prt_ans_brd_answer_text,,"1.Join part table with  policy table on policy_key, part_answer_bridge table on part_key and product_question table on product_question_key 2. Populate when question_text column from product_question table is 'driver_date_of_birth'.",LSM,dim_driver,driver_date_of_birth,date,This field contains Date Of Birth of driver.,,,
v1.1,DRIVER,ACTURIS-SDW,mo_sdw_part_answer_bridge,mo_prt_ans_brd_answer_text,,"1.Join part table with  policy table on policy_key, part_answer_bridge table on part_key and product_question table on product_question_key 2. Populate when question_text column from product_question table is 'Driver first name'.",LSM,dim_driver,driver_first_name,varchar,This field contains First Name of a driver.,,,
v1.1,DRIVER,ACTURIS-SDW,mo_sdw_part_answer_bridge,mo_prt_ans_brd_answer_text,,"1.Join part table with  policy table on policy_key, part_answer_bridge table on part_key and product_question table on product_question_key 2. Populate when question_text column from product_question table is 'driver_surname'.",LSM,dim_driver,driver_surname,varchar,This field contains SurName of a driver,,,
v1.1,DRIVER,ACTURIS-SDW,mo_sdw_part_answer_bridge,mo_prt_ans_brd_answer_text,,"1.Join part table with  policy table on policy_key, part_answer_bridge table on part_key and product_question table on product_question_key 2. Populate when question_text column from product_question table is 'Driving licence number '.",LSM,dim_driver,driving_licence_number,varchar,It is the unique alphanumeric code issued by a government authority to legally operate a motor vehicle.,,Yes,
v1.1,DRIVER,ACTURIS-SDW,mo_sdw_product_question_answer,mo_prd_ques_ans_description,,"1.Join part table with  policy table on policy_key, part_answer_bridge table on part_key,left join product_question_answer table on answer_keyand product_question table on product_question_key 2. Populate details from description column of product_question_answer table  when question_text column from product_question table is 'Driving licence origin'.",LSM,dim_driver,driving_licence_origin,varchar,It refers to the country or jurisdiction where a driver's licence was issued by the relevant governmental authority.,,,
v1.1,DRIVER,ACTURIS-SDW,mo_sdw_product_question_answer,mo_prd_ques_ans_description,,"1.Join part table with  policy table on policy_key, part_answer_bridge table on part_key,left join product_question_answer table on answer_keyand product_question table on product_question_key 2. Populate details from description column of product_question_answer table  when question_text column from product_question table is 'Driving licence type'.",LSM,dim_driver,driving_licence_type,varchar,It specifies the category of vehicles a driver is authorized to operate based on their licence.,,,
Version,Segment,Sysytem Source ,Source Object Name (Curated),Source Field Name,Source Field Data Type,Transformation Rule,Target System Name ,Target Object Name ,Target Field Name,Target Field Data Type,Target Field Description,Default Value in Target,Mandatory,Comment
v1.2,DRIVER,ACTURIS-SDW,,,,,LSM,dim_driver_group,driver_group_id,bigint,"Primary Key for dim_driver_group, this column contains unique autogenerated values.",,,
v1.2,DRIVER,ACTURIS-SDW,mo_sdw_policy,"insurer_policy_no, mo_plc_creation_date_key",,Contact policy number and transaction date,LSM,dim_driver_group,insured_driver_group_id,bigint,Derived column to build relationship between policy and driver.,,,
Version,Segment,Sysytem Source ,Source Object Name (Curated),Source Field Name,Source Field Data Type,Transformation Rule,Target System Name ,Target Object Name ,Target Field Name,Target Field Data Type,Target Field Description,Default Value in Target,Mandatory,Comment
v1.2,DRIVER,ACTURIS-SDW,,,,,LSM,brdg_driver_group,driver_id,bigint,This key is used to link driver details from dim_driver table against the details mentioned in brdg_driver_group table.,,,
v1.2,DRIVER,ACTURIS-SDW,,,,,LSM,brdg_driver_group,driver_group_id,bigint,This key is used to link driver group(consist of policy and driver relation) details from dim_driver_group table against the details mentioned in brdg_driver_group table.,,,
v1.2,DRIVER,ACTURIS-SDW,mo_sdw_product_question_answer,mo_prd_ques_ans_description,,"1.Join part table with  policy table on policy_key, part_answer_bridge table on part_key and product_question table on product_question_key 2. Populate when question_text column from product_question table is 'Permitted driver'.",LSM,brdg_driver_group,permitted_driver_flag,varchar(16383),whether a driver is permitted on a policy or not.,,,
v1.2,DRIVER,ACTURIS-SDW,mo_sdw_part,mo_prt_policy_part_status_description,,"When mo_prt_policy_part_status_description values in (
""Deleted by insurer integration"" ,
""Deleted with non-zero rate"", 
""Deleted with non-zero rate on prev policy version"") OR (lifecycle status should be MTA and transaction status is rejected.)
then active flag will be inactive(0) else active(1). ",LSM,brdg_driver_group,active_flag,varchar(3),This flag indicates active drivers on a policy including drivers in the pool.,,,
v1.2,DRIVER,ACTURIS-SDW,mo_sdw_policy,mo_plc_business_event_description,,When mo_plc_business_event_description is  'TMTA' then 'Yes' else 'No'.,LSM,brdg_driver_group,temp_driver_flag,varchar(3),Temporary driver on a policy.,,,
v1.2,DRIVER,ACTURIS-SDW,mo_sdw_policy,mo_plc_business_event_description,,When mo_plc_business_event_description is  'TMTA' and mo_plc_policy_status_description = 'Live' then 'Yes' else 'No'.,LSM,brdg_driver_group,rejected_temp_driver_flag,varchar(3),Flag to indicate if a temporary drivers gets rejected from a policy.,,,
v1.2,DRIVER,ACTURIS-SDW,mo_sdw_policy,mo_plc_business_event_description,,When mo_plc_business_event_description is  'MTA' and mo_plc_policy_status_description = 'Live' then 'Yes' else 'No'.,LSM,brdg_driver_group,rejected_perm_driver_flag,varchar(3),Flag to indicate if a permanent drivers gets rejected from a policy.,,,
v1.2,DRIVER,ACTURIS-SDW,,,,,LSM,brdg_driver_group,current_driver_flag,integer,"This flag is used to identify current record if driver name has changed in a same day , we had cases where driver name has changed which creates two driver ids for same driver.",,,
v1.1,DRIVER,ACTURIS-SDW,mo_sdw_product_question_answer,mo_prd_ques_ans_description,,"1.Join part table with  policy table on policy_key, part_answer_bridge table on part_key,left join product_question_answer table on answer_keyand product_question table on product_question_key 2. Populate details from description column of product_question_answer table  when question_text column from product_question table is 'is the driver the hirer'.",LSM,brdg_driver_group,driver_hirer_flag,integer,Flag to indicate whether a driver associated to policy is the hirer or not.,,,
v1.2,DRIVER,ACTURIS-SDW,mo_sdw_part,mo_prt_original_policy_part_key,,Direct mapping,LSM,brdg_driver_group,original_event_key,varchar(16383),This source key to determine original event of the driver on a policy.,,,
v1.1,DRIVER,ACTURIS-SDW,mo_sdw_product_question_answer,mo_prd_ques_ans_description,,"1.Join part table with  policy table on policy_key, part_answer_bridge table on part_key,left join product_question_answer table on answer_keyand product_question table on product_question_key 2. Populate details from description column of product_question_answer table  when question_text column from product_question table is  'Special terms excess flag'.",LSM,brdg_driver_group,driver_special_term_excess_flag,varchar(16383),Flag to identify if a driver has special term against it.,,,
v1.2,DRIVER,ACTURIS-SDW,,,,"Derived column by concating driver_date_of_birth, driver_surname, driver_first_name, driving_licence_number, test_passed_date.",LSM,brdg_driver_group,driver_key_ref,varchar(300),"It is hash Key derived on driver first name last name and DL as there is no key in source to identify a driver. For example a driver's name is John Smith as first record, JS as second record and both are same driver then ref driver_key_ref is different.",,,why it is required we will get this from driver_id
v1.2,DRIVER,ACTURIS-SDW,mo_sdw_policy,mo_plc_created_time_key,,"When driver_active_flag  is 'No' Then nvl(int_po.original_mo_plc_created_time_key, int_po.mo_plc_created_time_key) else null end",LSM,brdg_driver_group,driver_detached_date,timestamp,Date on which driver removed from the policy under lifecycle as MTA or TMTA.,,,
v1.2,DRIVER,ACTURIS-SDW,mo_sdw_policy,mo_plc_effective_date_key,,Direct mapping,LSM,brdg_driver_group,driver_start_date,timestamp,Date on which driver started on policy.,,,
v1.2,DRIVER,ACTURIS-SDW,mo_sdw_policy,mo_plc_term_end_date_key,,Direct mapping,LSM,brdg_driver_group,driver_end_date,timestamp,Date on which driver ended on policy.,,,
v1.2,DRIVER,ACTURIS-SDW,mo_sdw_policy,mo_plc_created_time_key,,Direct mapping,LSM,brdg_driver_group,drn_transaction_date,timestamp,Date on which the action happened on policy.,,,
v1.2,DRIVER,ACTURIS-SDW,mo_sdw_policy,mo_plc_created_time_key,,Min value for mo_plc_created_time_key taking partition over by original_part_key.,LSM,brdg_driver_group,drn_creation_date,timestamp,Date on which drn is created or the first version is created.,,,
v1.1,DRIVER,ACTURIS-SDW,mo_sdw_product_question_answer,mo_prd_ques_ans_description,,"1.Join part table with  policy table on policy_key, part_answer_bridge table on part_key,left join product_question_answer table on answer_keyand product_question table on product_question_key 2. Populate details from description column of product_question_answer table  when question_text column from product_question table is  'Special terms excess amount'.",LSM,brdg_driver_group,driver_special_term_excess,varchar(16383),It is an additional amount applied to claims involving specific drivers in an insurance policy.,,,
v1.2,DRIVER,ACTURIS-SDW,,,,,LSM,brdg_driver_group,drn,varchar(300),This is same as driver_key_ref logic but this is derived based on the first driver version data.,,,
v1.2,DRIVER,ACTURIS-SDW,mo_sdw_policy,"mo_plc_insurer_policy_no, mo_plc_created_time_key",,Concat policy_number and mo_plc_created_time_key.,LSM,brdg_driver_group,business_key,varchar(16397),Technical column which has source business keys and it is unique for all the records.,,,
,DRIVER,ACTURIS-SDW,mo_sdw_product_question_answer,mo_prd_ques_ans_description,,"1.Join part table with  policy table on policy_key, part_answer_bridge table on part_key,left join product_question_answer table on answer_keyand product_question table on product_question_key 2. Populate details from description column of product_question_answer table  when question_text column from product_question table is  'Does the driver live at the same address as the hirer'.",LSM,brdg_driver_group,does_driver_address_same_as_hirer,,,,,
Version,Segment,Sysytem Source ,Source Object Name (Curated),Source Field Name,Source Field Data Type,Transformation Rule,Target System Name ,Target Object Name ,Target Field Name,Target Field Data Type,Target Field Description,Default Value in Target,Mandatory,Comment
v1.1,ADDRESS,ACTURIS-SDW,,,,,LSM,dim_address,address_id,bigint,"Primary Key for dim_address, this column contains unique autogenerated values.",,,
v1.1,ADDRESS,ACTURIS-SDW,mo_sdw_address_pii,mo_adrs_pii_address_line_1,,Direct mapping,LSM,dim_address,address_line_1       ,varchar,"It refers to the first line of an individual's or entity's address, providing the primary location information.",,Yes,
v1.1,ADDRESS,ACTURIS-SDW,mo_sdw_address_pii,mo_adrs_pii_address_line_2,,Direct mapping,LSM,dim_address,address_line_2       ,varchar,"It refers to the second line of an individual's or entity's address, providing the primary location information.",,,
v1.1,ADDRESS,ACTURIS-SDW,mo_sdw_address_pii,mo_adrs_pii_address_line_3,,Direct mapping,LSM,dim_address,address_line_3      ,varchar,"It refers to the third line of an individual's or entity's address, providing the primary location information.",,,
v1.1,ADDRESS,ACTURIS-SDW,mo_sdw_address,mo_adrs_postcode_1,,concat ( mo_adrs_postcode_1 + mo_adrs_postcode_2),LSM,dim_address,postcode,varchar,It is an alphanumeric code identifying a specific geographical area,,N,
v1.1,ADDRESS,ACTURIS-SDW,mo_sdw_address,mo_adrs_postcode_2,,concat ( mo_adrs_postcode_1 + mo_adrs_postcode_2),LSM,dim_address,postcode,varchar,It is an alphanumeric code identifying a specific geographical area,,N,
v1.1,ADDRESS,ACTURIS-SDW,mo_sdw_address,mo_adrs_city,,Direct mapping,LSM,dim_address,city,varchar,The city in an address identifies the specific urban area of the location.,,,
v1.1,ADDRESS,ACTURIS-SDW,mo_sdw_address,mo_adrs_county,,Direct mapping,LSM,dim_address,county,varchar,It refers to a geographical and administrative division of a country,,,
v1.1,ADDRESS,ACTURIS-SDW,mo_sdw_address,mo_adrs_country,,Direct mapping,LSM,dim_address,country,varchar,"It refers to a distinct geographical region typically characterized by its own government, borders,etc.",,,
v1.1,ADDRESS,ACTURIS-SDW,,,,concat (address_line_1 + address_line_2 + address_line_3 + postcode_1 + postcode_2 + city),LSM,dim_address,business_key,varchar,Technical column which has source business keys and it is unique for all the records.,,,
v1.1,ADDRESS,ACTURIS-SDW,,UNION,,,LSM,,,,,,,
v1.1,ADDRESS,ACTURIS-SDW,,,,,LSM,dim_address,address_id,bigint,"Primary Key for dim_address, this column contains unique autogenerated values.",,,
v1.1,ADDRESS,ACTURIS-SDW,mo_sdw_part_address_pii,mo_prt_adrs_pii_address_line_1,,Direct mapping,LSM,dim_address,address_line_1       ,varchar,"It refers to the first line of an individual's or entity's address, providing the primary location information.",,,
v1.1,ADDRESS,ACTURIS-SDW,mo_sdw_part_address_pii,mo_prt_adrs_pii_address_line_2,,Direct mapping,LSM,dim_address,address_line_2,varchar,"It refers to the second line of an individual's or entity's address, providing the primary location information.",,,
v1.1,ADDRESS,ACTURIS-SDW,mo_sdw_part_address_pii,mo_prt_adrs_pii_address_line_3,,Direct mapping,LSM,dim_address,address_line_3,varchar,"It refers to the third line of an individual's or entity's address, providing the primary location information.",,,
v1.1,ADDRESS,ACTURIS-SDW,mo_sdw_part_answer_bridge,mo_prt_ans_brd_answer_text,,"1.Join part address, part_answer_bridge table on part_address_key and product_question table on product_question_key and product_answer table on answer_key 2. Populate when question_text column from product_question table is  'Proposer type'.",LSM,dim_address,postcode,varchar,It is an alphanumeric code identifying a specific geographical area,,N,
v1.2,ADDRESS,ACTURIS-SDW,mo_sdw_part_address,mo_prt_adrs_city,,Direct mapping,LSM,dim_address,city,varchar,The city in an address identifies the specific urban area of the location.,,,
v1.1,ADDRESS,ACTURIS-SDW,mo_sdw_part_address,mo_prt_adrs_county,,Direct mapping,LSM,dim_address,county,varchar,It refers to a geographical and administrative division of a country,,,
v1.1,ADDRESS,ACTURIS-SDW,mo_sdw_part_address,mo_prt_adrs_country,,Direct mapping,LSM,dim_address,country,varchar,"It refers to a distinct geographical region typically characterized by its own government, borders,etc.",,,
v1.2,ADDRESS,ACTURIS-SDW,,,,concat (address_line_1 + address_line_2 + address_line_3 + city ),LSM,dim_address,business_key,varchar,Technical column which has source business keys and it is unique for all the records.,,,
Version,Segment,Sysytem Source ,Source Object Name (Curated),Source Field Name,Source Field Data Type,Transformation Rule,Target System Name ,Target Object Name ,Target Field Name,Target Field Data Type,Target Field Description,Default Value in Target,Mandatory,Comment
v1.1,PARTY,ACTURIS-SDW, , , , ,LSM,dim_party,party_id,bigint,"Primary Key for dim_party, this column contains unique autogenerated values.", , , 
v1.1,PARTY,ACTURIS-SDW,mo_sdw_contact_reprt_answer,answer_text, ,"1. join client table  with contact_reprt_fields_up crf on client_key, contact_reprt_fields_up crf  with contact_reprt_question on contact_reprt_question_key  and contact_reprt_question with contact_reprt_answer table on contact_reprt_question_key 2. Populate when question_text column from contact_reprt_question table is 'migrated'.",LSM,dim_party,migrated_flag,varchar(16383),Whether a policyholder's data has been transferred from one system to another within an company., ,Yes,
v1.1,PARTY,ACTURIS-SDW,mo_sdw_contact_reprt_answer,answer_text, ,"1. join client table  with contact_reprt_fields_up crf on client_key, contact_reprt_fields_up crf  with contact_reprt_question on contact_reprt_question_key  and contact_reprt_question with contact_reprt_answer table on contact_reprt_question_key 2. Populate when question_text column from contact_reprt_question table is 'Customer Suspended'.",LSM,dim_party,barred_flag,varchar(16383),"It indicates temporary restriction of account or access by the insurance company, often due to non-compliance or pending issues.", ,Yes,
v1.2,PARTY,ACTURIS-SDW,mo_sdw_contact_reprt_answer,answer_text, ,"1. join client table  with contact_reprt_fields_up crf on client_key, contact_reprt_fields_up crf  with contact_reprt_question on contact_reprt_question_key  and contact_reprt_question with contact_reprt_answer table on contact_reprt_question_key 2. Populate when question_text column from contact_reprt_question table is 'Special Terms Agreed'.",,dim_party,special_terms_agreed_flag,varchar(16383),Whether customer agreement on additional terms outside standard policy provisions,,,
v1.2,PARTY,ACTURIS-SDW,mo_sdw_contact_reprt_answer,answer_text, ,"1. join client table  with contact_reprt_fields_up crf on client_key, contact_reprt_fields_up crf  with contact_reprt_question on contact_reprt_question_key  and contact_reprt_question with contact_reprt_answer table on contact_reprt_question_key 2. Populate when question_text column from contact_reprt_question table is 'Has Customer Appealed?'.",,dim_party,special_terms_appealed_flag,varchar(16383),"It refers to specific conditions that have been contested by a policyholder or another party, often through an appeal process seeking clarification or modification.",,,
v1.2,PARTY,ACTURIS-SDW,mo_sdw_contact_reprt_answer,answer_text, ,"1. join client table  with contact_reprt_fields_up crf on client_key, contact_reprt_fields_up crf  with contact_reprt_question on contact_reprt_question_key  and contact_reprt_question with contact_reprt_answer table on contact_reprt_question_key 2. Populate when question_text column from contact_reprt_question table is 'Was Appeal Upheld?'.",,dim_party,special_terms_appeal_upheld_flag,varchar(16383),It means the contested condition for a policyholder has been confirmed valid after review.,,,
v1.2,PARTY,ACTURIS-SDW,mo_sdw_contact_reprt_answer,answer_text, ,"1. join client table  with contact_reprt_fields_up crf on client_key, contact_reprt_fields_up crf  with contact_reprt_question on contact_reprt_question_key  and contact_reprt_question with contact_reprt_answer table on contact_reprt_question_key 2. Populate when question_text column from contact_reprt_question table is 'Special Terms Applied'.",,dim_party,special_terms_applied_flag,varchar(16383),It refers to specific conditions or provisions that are applied uniquely or differently from the standard terms for a policyholder.,,,
v1.2,PARTY,ACTURIS-SDW,mo_sdw_contact_reprt_answer,answer_text,,"1. join client table  with contact_reprt_fields_up crf on client_key, contact_reprt_fields_up crf  with contact_reprt_question on contact_reprt_question_key  and contact_reprt_question with contact_reprt_answer table on contact_reprt_question_key 2. Populate when question_text column from contact_reprt_question table is 'Prevent Customer Amendments'.",,dim_party,customer_amendment_flag,varchar(16383),It restricts policyholder from making changes to their account or policy details without authorization.,,,
v1.3,PARTY,ACTURIS-SDW,mo_sdw_contact_reprt_answer,answer_text,,"1. join client table  with contact_reprt_fields_up crf on client_key, contact_reprt_fields_up crf  with contact_reprt_question on contact_reprt_question_key  and contact_reprt_question with contact_reprt_answer table on contact_reprt_question_key 2. Populate when question_text column from contact_reprt_question table is 'Vulnerability(Health)'.",,dim_party,vulnerability_health_flag,varchar(16383),It indicates health-related vulnerabilities or conditions affecting insurance coverage or premiums for a policyholder.,,,
v1.3,PARTY,ACTURIS-SDW,mo_sdw_contact_reprt_answer,answer_text,,"1. join client table  with contact_reprt_fields_up crf on client_key, contact_reprt_fields_up crf  with contact_reprt_question on contact_reprt_question_key  and contact_reprt_question with contact_reprt_answer table on contact_reprt_question_key 2. Populate when question_text column from contact_reprt_question table is 'Vulnerability(Financial Resilience)'.",,dim_party,vulnerability_financial_resilience_flag,varchar(16383),"It identifies policyholder with limited financial stability, impacting insurance coverage or premium payments for a policyholder.",,,
v1.3,PARTY,ACTURIS-SDW,mo_sdw_contact_reprt_answer,answer_text,,"1. join client table  with contact_reprt_fields_up crf on client_key, contact_reprt_fields_up crf  with contact_reprt_question on contact_reprt_question_key  and contact_reprt_question with contact_reprt_answer table on contact_reprt_question_key 2. Populate when question_text column from contact_reprt_question table is 'Vulnerability(Financial Capacity)'.",,dim_party,vulnerability_financial_capacity_flag,varchar(16383),It identifies policyholder with limited financial resources that may impact their ability to meet insurance premium obligations.,,,
v1.3,PARTY,ACTURIS-SDW,mo_sdw_contact_reprt_answer,answer_text,,"1. join client table  with contact_reprt_fields_up crf on client_key, contact_reprt_fields_up crf  with contact_reprt_question on contact_reprt_question_key  and contact_reprt_question with contact_reprt_answer table on contact_reprt_question_key 2. Populate when question_text column from contact_reprt_question table is 'Vulnerability(Life Event)'.",,dim_party,vulnerability_life_event_flag,varchar(16383),It indicates policyholder who have experienced significant life events that could affect their insurance needs or financial situation.,,,
v1.3,PARTY,ACTURIS-SDW,mo_sdw_contact_reprt_answer,answer_text,,"1. join client table  with contact_reprt_fields_up crf on client_key, contact_reprt_fields_up crf  with contact_reprt_question on contact_reprt_question_key  and contact_reprt_question with contact_reprt_answer table on contact_reprt_question_key 2. Populate when question_text column from contact_reprt_question table is 'Vulnerability Information Shared with Motability'.",,dim_party,vulnerability_info_shared_with_mo_flag,varchar(16383),It indicates if vulnerable customer information has been shared within the organization for appropriate management and support.,,,
v1.3,PARTY,ACTURIS-SDW,mo_sdw_contact_people,mo_cntct_ppl_row_active_key,,"Values has been changed from 1,2 to Yes or No in LSm.",,dim_party,row_active_flag,varchar(3),Active flag to determine the latest record of the customer.,,,
v1.3,PARTY,ACTURIS-SDW,mo_sdw_client,mo_clnt_client_key,,Direct mapping,,dim_party,src_client_key,bigint,Source unique column used for reporting.,,,
v1.3,PARTY,ACTURIS-SDW,mo_sdw_contact_people,mo_cntct_ppl_row_active_key,,Direct Mapping,,dim_party,row_active_key,integer,Active row key values directly from source.,,,
v1.3,PARTY,ACTURIS-SDW,mo_sdw_client,mo_clnt_client_key,,Direct mapping,,dim_party,unique_key,varchar(16404),,,,Why we have same keys repeated?
v1.3,PARTY,ACTURIS-SDW,"mo_sdw_client, mo_sdw_contact_people","mo_clnt_pii_name, mo_clnt_pii_first_name, mo_clnt_company_reg_no, mo_clnt_old_contact_ref", ,Contact all the mentioned fields., ,dim_party,business_key,varchar(65535),Technical column which has source business keys and it is unique for all the records., , , 
v1.4,PARTY,ACTURIS-SDW,mo_sdw_client_additional_detail,mo_cadu_answer_text,,1. join mo_sdw_client_additional_detail and mo_sdw_contact_add_det_question on mo_sdw_cadq_contact_add_det_question_key  =  mo_cadu_contact_add_det_question_key where mo_sdw_cadq_question_text = 'Vulnerability Start Date',,dim_party,vulnerability_start_date,varchar(16383),Date on which the policyholder's vulnerability started.,,,
v1.4,PARTY,ACTURIS-SDW,mo_sdw_client_additional_detail,mo_cadu_answer_text,,1. join mo_sdw_client_additional_detail and mo_sdw_contact_add_det_question on mo_sdw_cadq_contact_add_det_question_key  =  mo_cadu_contact_add_det_question_key where mo_sdw_cadq_question_text = 'Vulnerability End Date',,dim_party,vulnerability_end_date,varchar(16383),Date on which the policyholder's vulnerability ended.,,,
v1.4,PARTY,ACTURIS-SDW,mo_sdw_client_additional_detail,mo_cadu_answer_text,,1. join mo_sdw_client_additional_detail and mo_sdw_contact_add_det_question on mo_sdw_cadq_contact_add_det_question_key  =  mo_cadu_contact_add_det_question_key where mo_sdw_cadq_question_text = 'Digital block date',,dim_party,digital_block_date,timestamp,Date on which digital block is added for a policyholder.,,,
v1.4,PARTY,ACTURIS-SDW,mo_sdw_client_additional_detail,mo_cadu_answer_text,,1. join mo_sdw_client_additional_detail and mo_sdw_contact_add_det_question on mo_sdw_cadq_contact_add_det_question_key  =  mo_cadu_contact_add_det_question_key where mo_sdw_cadq_question_text = 'Digital block time stamp',,dim_party,digital_block_timestamp,timestamp,Time on which digital block is added for a policyholder.,,,
v1.3,PARTY,ACTURIS-SDW,mo_sdw_client,mo_clnt_created_date_key,,Direct mapping,,dim_party,created_date,timestamp,Date and time on which policyholder created through a policy.,,,
v1.3,PARTY,ACTURIS-SDW,,,,,,dim_party,source_updated_time,timestamp,,,,Source missing
v1.1,PARTY,ACTURIS-SDW,mo_sdw_client_pii,mo_clnt_pii_name, ,Direct Mapping, ,dim_party,company_name,varchar(16383),Name of the company if the policy belongs to company., ,No,
v1.1,PARTY,ACTURIS-SDW,mo_sdw_client_pii,mo_clnt_pii_first_name, ,Direct Mapping, ,dim_party,first_name,varchar(16383),First Name of the customer who holds the policy either individual or company., ,No,
v1.1,PARTY,ACTURIS-SDW,mo_sdw_client_pii,mo_clnt_pii_name, ,Direct Mapping, ,dim_party,last_name,varchar(16383),Last Name of the individual policy holder., ,No,
v1.1,PARTY,ACTURIS-SDW,mo_sdw_contact_people_pii,mo_cntct_ppl_pii_name, ,Direct Mapping, ,dim_party,company_name,varchar(16383),Name of the company if the policy belongs to company., ,No,
v1.1,PARTY,ACTURIS-SDW,mo_sdw_contact_people_pii,mo_cntct_ppl_pii_first_name, ,Direct Mapping, ,dim_party,first_name,varchar(16383),First Name of the customer who holds the policy either individual or company., ,No,
v1.1,PARTY,ACTURIS-SDW,mo_sdw_contact_people_pii,mo_cntct_ppl_pii_name, ,Direct Mapping, ,dim_party,last_name,varchar(16383),Last Name of the individual policy holder., ,No,
v1.1,PARTY,ACTURIS-SDW,mo_sdw_contact_people,mo_cntct_ppl_initials, ,Direct Mapping, ,dim_party,initials,varchar(16383),Initials of the Policyholder (if mentioned)., , ,
v1.1,PARTY,ACTURIS-SDW,mo_sdw_contact_people,mo_cntct_ppl_gender_key, ,Direct Mapping, ,dim_party,gender,varchar(16383),Gender of policyholder., , ,
v1.1,PARTY,ACTURIS-SDW,mo_sdw_contact_people,mo_cntct_ppl_title_key, ,Direct Mapping, ,dim_party,title,varchar(16383),Title of policyholder., ,No,
v1.1,PARTY,ACTURIS-SDW,mo_sdw_contact_people,mo_cntct_ppl_other_title, ,Direct Mapping, ,dim_party,other_title,varchar(16383),Other title (if any)., , ,do we mean policy holder other title?
v1.1,PARTY,ACTURIS-SDW,mo_sdw_contact_people,mo_cntct_ppl_salutation, ,Direct Mapping, ,dim_party,salutation,varchar(16383),Salutation of policyholder (if any)., , ,
v1.1,PARTY,ACTURIS-SDW,mo_sdw_contact_people,mo_cntct_ppl_suffix, ,Direct Mapping, ,dim_party,suffix,varchar(16383),Suffix of policyholder (if any)., , ,
v1.1,PARTY,ACTURIS-SDW,mo_sdw_contact_people,mo_cntct_ppl_nationality_key, ,Direct Mapping, ,dim_party,nationality,varchar(16383),Nationality of policyholder., , ,
v1.1,PARTY,ACTURIS-SDW,mo_sdw_contact_people,mo_cntct_ppl_dob_date_key, ,Direct Mapping, ,dim_party,dob ,timestamp,Date of birth of policyholder., , ,
v1.1,PARTY,ACTURIS-SDW,mo_sdw_contact_people,mo_cntct_ppl_position, ,Direct Mapping, ,dim_party,position,varchar(16383),Position of policyholder., , ,
v1.1,PARTY,ACTURIS-SDW,mo_sdw_contact_people,mo_cntct_ppl_preferred_comm_type, ,Direct Mapping, ,dim_party,preferred_comm_type,varchar(16383),"Preferred Communication type for example home, work, email, etc.", , ,
v1.1,PARTY,ACTURIS-SDW,mo_sdw_contact_people,mo_cntct_ppl_mobile, ,Direct Mapping, ,dim_party,mobile,varchar(16383),Mobile Number of policyholder., , ,
v1.1,PARTY,ACTURIS-SDW,mo_sdw_contact_people_pii,mo_cntct_ppl_pii_home_phone, ,Direct Mapping, ,dim_party,home_phone,varchar(16383),Home phone of policyholder., , ,
v1.1,PARTY,ACTURIS-SDW,mo_sdw_contact_people_pii,mo_cntct_ppl_pii_work_phone, ,Direct Mapping, ,dim_party,work_phone,varchar(16383),Work phone of policyholder., , ,
v1.1,PARTY,ACTURIS-SDW,mo_sdw_contact_people_pii,mo_cntct_ppl_pii_email, ,Direct Mapping, ,dim_party,email,varchar(16383),Email Id of policyholder., , ,
v1.1,PARTY,ACTURIS-SDW,mo_sdw_contact_people,mo_cntct_ppl_fax, ,Direct Mapping, ,dim_party,fax,varchar(16383),Fax Number of policyholder., , ,
v1.1,PARTY,ACTURIS-SDW,mo_sdw_contact_people,mo_cntct_ppl_face_to_face, ,Direct Mapping, ,dim_party,face_to_face,varchar(16383),Policyholder face to face communication (if happened)., , ,
v1.1,PARTY,ACTURIS-SDW,mo_sdw_contact_people,mo_cntct_ppl_letters, ,Direct Mapping, ,dim_party,letters,varchar(16383),Policyholder sends the letter send to communicate., , ,
v1.1,PARTY,ACTURIS-SDW,mo_sdw_contact_people,mo_cntct_ppl_other, ,Direct Mapping, ,dim_party,other,varchar(16383),Other way of communication (if any)., , ,
v1.1,PARTY,ACTURIS-SDW,mo_sdw_contact_people,mo_cntct_ppl_driving_licence_number, ,Direct Mapping, ,dim_party,driving_licence_number,varchar(16383),Driving licence number of policyholder., , ,
v1.1,PARTY,ACTURIS-SDW,mo_sdw_contact_people,mo_cntct_ppl_passport_number, ,Direct Mapping, ,dim_party,passport_number,varchar(16383),Passport number of policyholder., , ,
v1.1,PARTY,ACTURIS-SDW,mo_sdw_contact_people,mo_cntct_ppl_identity_number, ,Direct Mapping, ,dim_party,identity_number,varchar(16383),Identity number  of policyholder., , ,
v1.1,PARTY,ACTURIS-SDW,mo_sdw_contact_people,mo_cntct_ppl_occupation, ,Direct Mapping, ,dim_party,occupation,varchar(16383),Occupation of policyholder., , ,
v1.1,PARTY,ACTURIS-SDW,mo_sdw_Client,mo_clnt_old_contact_ref, ,Direct Mapping, ,dim_party,CRN,varchar(16383),policyholder Referrence Number generated by Acturis., , ,
v1.1,PARTY,ACTURIS-SDW,mo_sdw_client,mo_clnt_client_type, ,Direct Mapping, ,dim_party,party_type,varchar(16383),policyholder type which is individual or company., , ,
v1.1,PARTY,ACTURIS-SDW,mo_sdw_client,mo_clnt_client_status, ,Direct Mapping, ,dim_party,party_status,varchar(16383),"Status of policyholder live lapsed, etc.", , ,
v1.1,PARTY,ACTURIS-SDW,mo_sdw_client,mo_clnt_company_type, ,Direct Mapping, ,dim_party,company_type,varchar(16383),"Type of company pvt, limited, etc.", , ,
v1.1,PARTY,ACTURIS-SDW,mo_sdw_Client,mo_clnt_company_reg_no, ,Direct Mapping, ,dim_party,company_reg_no,varchar(16383),Company's registration number., , ,
v1.1,PARTY,ACTURIS-SDW,mo_sdw_Client,mo_clnt_vat_reg_no, ,Direct Mapping, ,dim_party,vat_reg_no,varchar(16383),Vat registration number., , ,whose VAT no. is this?
v1.1,PARTY,ACTURIS-SDW,mo_sdw_Client,mo_clnt_trading_name, ,Direct Mapping, ,dim_party,trading_name,varchar(16383),Trading name of company (if any)., , ,
v1.1,PARTY,ACTURIS-SDW,mo_sdw_contact_people,mo_cntct_ppl_contact_person_type, ,Direct Mapping, ,dim_party,party_role,varchar(16383),"Role of the policyholder appointee, managing dealer, etc.", , ,
v1.2,PARTY,ACTURIS-SDW,mo_sdw_contact_reprt_answer,answer_text, ,"1. join client table  with contact_reprt_fields_up crf on client_key, contact_reprt_fields_up crf  with contact_reprt_question on contact_reprt_question_key  and contact_reprt_question with contact_reprt_answer table on contact_reprt_question_key 2. Populate when question_text column from contact_reprt_question table is 'Special Term'.",,dim_party,special_terms_type,varchar(16383),Unique conditions or provisions for a policyholder that differ from standard terms that further specify exceptions or additional details.,,,
v1.2,PARTY,ACTURIS-SDW,mo_sdw_contact_reprt_answer,answer_text, ,"1. join client table  with contact_reprt_fields_up crf on client_key, contact_reprt_fields_up crf  with contact_reprt_question on contact_reprt_question_key  and contact_reprt_question with contact_reprt_answer table on contact_reprt_question_key 2. Populate when question_text column from contact_reprt_question table is 'Special Term 2'.",,dim_party,special_terms_2_type,varchar(16383),It is a secondary category or classification of unique conditions or provisions,,,
v1.2,PARTY,ACTURIS-SDW,mo_sdw_contact_reprt_answer,answer_text, ,"1. join client table  with contact_reprt_fields_up crf on client_key, contact_reprt_fields_up crf  with contact_reprt_question on contact_reprt_question_key  and contact_reprt_question with contact_reprt_answer table on contact_reprt_question_key 2. Populate when question_text column from contact_reprt_question table is 'Special Terms Policy Excess'.",,dim_party,special_terms_driver_excess,varchar(16383),It is an additional amount applied to claims involving specific drivers in an insurance policy.,,,
v1.2,PARTY,ACTURIS-SDW,mo_sdw_contact_reprt_answer,answer_text, ,"1. join client table  with contact_reprt_fields_up crf on client_key, contact_reprt_fields_up crf  with contact_reprt_question on contact_reprt_question_key  and contact_reprt_question with contact_reprt_answer table on contact_reprt_question_key 2. Populate when question_text column from contact_reprt_question table is 'Original Special Term'.",,dim_party,special_terms_original_type,varchar(16383),It specifies the original category of unique conditions or provisions in a policy.,,,
v1.2,PARTY,ACTURIS-SDW,mo_sdw_contact_reprt_answer,answer_text, ,"1. join client table  with contact_reprt_fields_up crf on client_key, contact_reprt_fields_up crf  with contact_reprt_question on contact_reprt_question_key  and contact_reprt_question with contact_reprt_answer table on contact_reprt_question_key 2. Populate when question_text column from contact_reprt_question table is 'Original Special Term Excess'.",,dim_party,special_terms_original_excess,varchar(16383),It refers to the initial amountapplied to specific conditions within an insurance policy typically before any adjustments or modifications are made.,,,
v1.2,PARTY,ACTURIS-SDW,mo_sdw_contact_reprt_answer,answer_text,,"1. join client table  with contact_reprt_fields_up crf on client_key, contact_reprt_fields_up crf  with contact_reprt_question on contact_reprt_question_key  and contact_reprt_question with contact_reprt_answer table on contact_reprt_question_key 2. Populate when question_text column from contact_reprt_question table is 'Special Terms Policy Excess'.",,dim_party,special_terms_policy_excess,varchar(16383),It is an additional amount applied to particular conditions or coverages in a policy.,,,
v1.3,PARTY,ACTURIS-SDW,,,,"Derived column taking partition on src_client_key and party_role and ordering by cp_source_updated_time desc , created_date desc, source_updated_time desc.",,dim_party,party_role_number,bigint,Derived column to determine row number.,,,
v1.3,PARTY,ACTURIS-SDW,mo_sdw_Client,mo_clnt_business_description,,Direct Mapping,,dim_party,business_description,varchar(16383),,,,
v1.6,PARTY,ACTURIS-SDW,mo_sdw_contact_reprt_answer,answer_text, ,"1. join client table  with contact_reprt_fields_up crf on client_key, contact_reprt_fields_up crf  with contact_reprt_question on contact_reprt_question_key  and contact_reprt_question with contact_reprt_answer table on contact_reprt_question_key 2. Populate when question_text column from contact_reprt_question table is 'Customer Deceased'.",,dim_party,customer_deceased,,,,,
v1.6,PARTY,ACTURIS-SDW,mo_sdw_contact_reprt_answer,answer_text, ,"1. join client table  with contact_reprt_fields_up crf on client_key, contact_reprt_fields_up crf  with contact_reprt_question on contact_reprt_question_key  and contact_reprt_question with contact_reprt_answer table on contact_reprt_question_key 2. Populate when question_text column from contact_reprt_question table is ''Appointee Deceased''.",,dim_party,appointee_deceased,,,,,
v1.6,PARTY,ACTURIS-SDW,mo_sdw_contact_reprt_answer,answer_text, ,"1. join client table  with contact_reprt_fields_up crf on client_key, contact_reprt_fields_up crf  with contact_reprt_question on contact_reprt_question_key  and contact_reprt_question with contact_reprt_answer table on contact_reprt_question_key 2. Populate when question_text column from contact_reprt_question table is 'Gone Away'.",,dim_party,gone_away,,,,,
v1.6,PARTY,ACTURIS-SDW,mo_sdw_contact_reprt_answer,answer_text, ,"1. join client table  with contact_reprt_fields_up crf on client_key, contact_reprt_fields_up crf  with contact_reprt_question on contact_reprt_question_key  and contact_reprt_question with contact_reprt_answer table on contact_reprt_question_key 2. Populate when question_text column from contact_reprt_question table is 'Customer Experience Polling Reference'.",,dim_party,polling_preference,,,,,
v1.6,PARTY,ACTURIS-SDW,mo_sdw_contact_reprt_answer,answer_text, ,"1. join client table  with contact_reprt_fields_up crf on client_key, contact_reprt_fields_up crf  with contact_reprt_question on contact_reprt_question_key  and contact_reprt_question with contact_reprt_answer table on contact_reprt_question_key 2. Populate when question_text column from contact_reprt_question table is 'Document Requirements'.",,dim_party,document_requirements,,,,,
Version,Segment,Sysytem Source ,Source Object Name (Curated),Source Field Name,Source Field Data Type,Transformation Rule,Target System Name ,Target Object Name ,Target Field Name,Target Field Data Type,Target Field Description,Default Value in Target,Mandatory,Comment
v1.1,DRIVER,ACTURIS-SDW,mo_sdw_part_answer_bridge,mo_prt_ans_brd_answer_text,,driver_first_name+driver_surname+driving_licence_number+driver_date_of_birth+test_passed,,dim_conviction,conviction_key,varchar(300),"Primary Key for dim_conviction, this column contains unique autogenerated values.",,,
v1.2,DRIVER,ACTURIS-SDW,mo_sdw_part,mo_prt_original_policy_part_key,,Direct mapping,,dim_conviction,conviction_instance_id,varchar(100),Derived Column to find the instance against the conviction.,,,
v1.2,,,,,,,,dim_conviction,deleted_flag,varchar(3),Derived Column,,,
v1.2,DRIVER,ACTURIS-SDW,,,,driver_first_name+driver_surname+driving_licence_number+driver_date_of_birth+test_passed,,dim_conviction,business_key,varchar(32798),Technical column which has source business keys and it is unique for all the records.,,,
v1.1,DRIVER,ACTURIS-SDW,mo_sdw_product_question_answer,mo_prd_ques_ans_description,,"1.Join part table with  policy table on policy_key, part_answer_bridge table on part_key and product_question table on product_question_key 2. Populate when question_text column from product_question table is  'Did the driver receive a ban'.",,dim_conviction,banned_flag,varchar(16383),If driver is banned from driving because of the convictions. ,,,
v1.1,DRIVER,ACTURIS-SDW,mo_sdw_part_answer_bridge,mo_prt_ans_brd_answer_text,,"1.Join part table with  policy table on policy_key, part_answer_bridge table on part_key and product_question table on product_question_key 2. Populate when question_text column from product_question table is  'Conviction date'.",,dim_conviction,conviction_date,date,Date on which the conviction happened agaisnt the driver.,,,
v1.1,DRIVER,ACTURIS-SDW,mo_sdw_product_question_answer,mo_prd_ques_ans_description,,"1.Join part table with  policy table on policy_key, part_answer_bridge table on part_key and product_question table on product_question_key 2. Populate when question_text column from product_question table is  'Conviction code'. But split the description and consider code only.",,dim_conviction,conviction_code,varchar(16383),Conviction code from Acturis is used to determine legal actions on the driver (if any).,,Yes,
v1.1,DRIVER,ACTURIS-SDW,mo_sdw_product_question_answer,mo_prd_ques_ans_description,,"1.Join part table with  policy table on policy_key, part_answer_bridge table on part_key and product_question table on product_question_key 2. Populate when question_text column from product_question table is  'Conviction code'. But split the description and consider details only.",,dim_conviction,conviction_description,varchar(16383),Conviction description from Acturis is used to define conviction on the driver (if any).,,,
v1.1,DRIVER,ACTURIS-SDW,mo_sdw_part_answer_bridge,mo_prt_ans_brd_answer_text,,"1.Join part table with  policy table on policy_key, part_answer_bridge table on part_key and product_question table on product_question_key 2. Populate when question_text column from product_question table is  'Penalty points received'.",,dim_conviction,penalty_points_received,varchar(30),Penalty paid by driver against the conviction.,,,
v1.1,DRIVER,ACTURIS-SDW,mo_sdw_product_question_answer,mo_prd_ques_ans_description,,"1.Join part table with  policy table on policy_key, part_answer_bridge table on part_key and product_question table on product_question_key 2. Populate when question_text column from product_question table is  'Ban in weeks or months'.",,dim_conviction,ban_in_weeks,varchar(16383),Weeks for which the driver is banned.,,,
v1.1,DRIVER,ACTURIS-SDW,mo_sdw_part_answer_bridge,mo_prt_ans_brd_answer_text,,"1.Join part table with  policy table on policy_key, part_answer_bridge table on part_key and product_question table on product_question_key 2. Populate when question_text column from product_question table is  'Length of ban'.",,dim_conviction,length_of_ban,varchar(16383),Duration for which the driver is banned.,,,
v1.2,,,,,,,,dim_conviction,rnk,bigint,Derived column to determine rank. This column is created for reporting purpose.,,,whether descrition is right or not?
Version,Segment,Sysytem Source ,Source Object Name (Curated),Source Field Name,Source Field Data Type,Transformation Rule,Target System Name ,Target Object Name ,Target Field Name,Target Field Data Type,Target Field Description,Default Value in Target,Mandatory,Comment
v1.1,DRIVER,ACTURIS-SDW,mo_sdw_part_answer_bridge,mo_prt_ans_brd_answer_text,,Restriction code + Restriction_description,,dim_restriction,restriction_key,varchar(300),"Primary Key for dim_restriction, this column contains unique autogenerated values.",,,
v1.2,DRIVER,ACTURIS-SDW,,,,Restriction code + Restriction_description,,dim_restriction,business_key,varchar(65535),Technical column which has source business keys and it is unique for all the records.,,,
v1.2,,,mo_sdw_part_answer_bridge,mo_prt_ans_brd_answer_text,,"mo_plc_policy_status_description not in ('Live','Voided') or max of restriction_code is null then 1 else 0. ",,dim_restriction,deleted_flag,integer,To identify live and voided policy which does not have restriction code.,,,whether descrition is right or not?
v1.1,DRIVER,ACTURIS-SDW,mo_sdw_part_answer_bridge,mo_prt_ans_brd_answer_text,,"1.Join part table with  policy table on policy_key, part_answer_bridge table on part_key and product_question table on product_question_key 2. Populate when question_text column from product_question table is  'Restriction code'. But split the description and consider code only.",,dim_restriction,restriction_code,varchar(65535),Restriction code from Acturis is used to determine restriction on the driver (if any).,,,
v1.1,DRIVER,ACTURIS-SDW,mo_sdw_part_answer_bridge,mo_prt_ans_brd_answer_text,,"1.Join part table with  policy table on policy_key, part_answer_bridge table on part_key and product_question table on product_question_key 2. Populate when question_text column from product_question table is  'Restriction code'. But split the description and consider details only.",,dim_restriction,restriction_description,varchar(65535),Restriction description from Acturis is used to define restriction on the driver (if any).,,,
Version,Segment,Sysytem Source ,Source Object Name (Curated),Source Field Name,Source Field Data Type,Transformation Rule,Target System Name ,Target Object Name ,Target Field Name,Target Field Data Type,Target Field Description,Default Value in Target,Mandatory,Comment
v1.3,,,,,,,,fact_insured_risk,policy_hist_id,bigint,These are policy ids which are not the latest on the policy number.,,,
v1.1,,ACTURIS-SDW,mo_sdw_policy,insured_policy_number,,lookup to policy_dim and get the policy_id based on insured_policy_number,,fact_insured_risk,policy_id,bigint,This key is used to link the dim_policy to the fact_insured_risk in order to get policy level details against the transactions.,,, 
v1.1,,ACTURIS-SDW,mo_sdw_policy,mo_plc_business_event_description,,look up to dim_policy_life_cycle_status and get the policy_life_cycle_id based on policy_life_cycle_status,,fact_insured_risk,lifecycle_status_id,bigint,This key is used to link the dim_lifecycle_status  to the fact_insured_risk in order to get status description against the transactions.,,, 
v1.1,,ACTURIS-SDW,mo_sdw_policy,mo_plc_policy_status_description,,look up to dim_transactional_status and get the transactional_status_id based on transactional_status,,fact_insured_risk,transaction_status_id,bigint,This key is used to link the dim_transaction_status  to the fact_insured_risk in order to get status description against the transactions.,,, 
v1.1,,ACTURIS-SDW,"mo_sdw_policy, mo_sdw_mta_reason, mo_sdw_temporary_mta_reason","mo_mta_rsn_description, mo_temp_mta_rsn_description",,"1. Join mo_sdw_policy with  mo_sdw_mta_reason and  mo_sdw_temporary_mta_reason on mo_plc_mta_reason_key and mo_plc_temporary_mta_reason_key respectively and retrive mo_mta_rsn_description/mo_temp_mta_rsn_description. 2. Populate amendment_reason_id based on the retrived description from dim_amendment_reason table.
",,fact_insured_risk,tmta_reason_id,bigint,This key is used to link the dim_amendment_reason  to the fact_insured_risk in order to get temporary mid term adjustment reason against the transactions.,,,
v1.1,,ACTURIS-SDW,"mo_sdw_policy, mo_sdw_mta_reason, mo_sdw_temporary_mta_reason","mo_mta_rsn_description, mo_temp_mta_rsn_description",,"1. Join mo_sdw_policy with  mo_sdw_mta_reason and  mo_sdw_temporary_mta_reason on mo_plc_mta_reason_key and mo_plc_temporary_mta_reason_key respectively and retrive mo_mta_rsn_description/mo_temp_mta_rsn_description. 2. Populate amendment_reason_id based on the retrived description from dim_amendment_reason table.
",,fact_insured_risk,mta_reason_id,bigint,This key is used to link the dim_amendment_reason  to the fact_insured_risk in order to get mid term adjustment reason against the transactions.,,,
v1.1,,ACTURIS-SDW,dim_channel,originating_channel,,1. Populate channel_id based on the retrived description from dim_channel table on policy number and version ref,,fact_insured_risk,channel_id,bigint,This key is used to link the dim_channel  to the fact_insured_risk in order to get channel how policy received against the transactions.,,,
v1.1,,ACTURIS-SDW,dim_party,src_client_key,,where party_role is  policyholder.,,fact_insured_risk,policy_holder_id,bigint,This key is used to link the dim_party  to the fact_insured_risk in order to get policyholder details against the transactions.,,, 
v1.3,,ACTURIS-SDW,dim_party,src_client_key,,where party_role is appointee.,,fact_insured_risk,policy_appointee_id,bigint,This key is used to link the dim_party  to the fact_insured_risk in order to get appointee details against the transactions.,,,
v1.1,,ACTURIS-SDW,"part_answer_bridge, product_question","mo_prt_ans_brd_answer_text,  question_text",,lookup to dim_vehicle and populate vehicle_id based on combination of answer_text  from part_answer_bridge when question_text = 'Registration number' from product_question_table.,,fact_insured_risk,vehicle_id,bigint,This key is used to link the dim_vehicle  to the fact_insured_risk in order to get all vehicle details against the transactions.,,, 
v1.1,,ACTURIS-SDW,"part_answer_bridge, product_question","mo_prt_ans_brd_answer_text,  question_text",,lookup to dim_vehicle and populate vehicle_id based on combination of answer_text  from part_answer_bridge when question_text = 'Registration number' from product_question_table.,,fact_insured_risk,temp_vehicle_id,bigint,This key is used to link the dim_vehicle  to the fact_insured_risk in order to get all temprory vehicle details against the transactions.,,, 
v1.1,,ACTURIS-SDW,mo_sdw_policy,"insured_policy_number, mo_plc_creation_date_key",,Combination of policy number and transaction date.,,fact_insured_risk,insured_driver_group_id,bigint,This key is used to link the dim_driver_group  to the fact_insured_risk in order to get driver details for a policy against the transactions.,,, 
v1.1,,ACTURIS-SDW,"mo_sdw_address, mo_sdw_address_pii","mo_adrs_pii_address_line_1, mo_adrs_pii_address_line_2, mo_adrs_pii_address_line_3, mo_adrs_city",,lookup to dim_address and populate address_id for a policy_holder based on the client_id,,fact_insured_risk,policy_holder_address_id,bigint,This key is used to link the dim_address  to the fact_insured_risk in order to get address against the transactions.,,, 
v1.1,,ACTURIS-SDW,mo_sdw_policy,mo_acc_by_usr_logonid,,logonid from policy to join with ewfmid in dim_user_hierarchy table,,fact_insured_risk,user_hierarchy_id,bigint,These are the users who accepted the policy.,,,
v1.3,,,mo_sdw_policy,mo_plc_version_ref,,Direct Mapping,,fact_insured_risk,src_policy_version_key,numeric(10),Detail of policy went under versions during updates.,,,
v1.1,,ACTURIS-SDW,mo_sdw_policy,mo_plc_effective_date_key,,Direct Mapping,,fact_insured_risk,start_date_key,bigint,Start date id of an event or an action happened on a policy.,,, 
v1.1,,ACTURIS-SDW,mo_sdw_policy,mo_plc_term_end_date_key,,Direct Mapping,,fact_insured_risk,end_date_key,bigint,This is policy end date id.,,, 
v1.1,,ACTURIS-SDW,mo_sdw_policy,mo_plc_accepted_date_key,,Direct Mapping,,fact_insured_risk,accepted_date_key,bigint,Date id on which the action got accepted on a policy.,,,
v1.1,,ACTURIS-SDW,mo_sdw_policy,mo_plc_expiry_date_key,,Direct Mapping,,fact_insured_risk,expiry_date_key,bigint,Date id on which the policy gets expired.,,,
v1.1,,ACTURIS-SDW,mo_sdw_policy,mo_plc_voided_date_key,,Direct Mapping,,fact_insured_risk,voided_date_key,bigint,Date id on which the policy gets voided.,,,
v1.3,,ACTURIS-SDW,mo_sdw_policy,mo_plc_creation_date_key,,It is the transaction date id of each and every update happens on a policy.,,fact_insured_risk,transaction_date_key,bigint,It is the action happened on policy date id.,,,
v1.1,,ACTURIS-SDW,mo_sdw_policy,mo_plc_creation_date_key,,It is the transaction date of each and every update happens on a policy.,,fact_insured_risk,transaction_date,timestamp,It is the action happened on policy date.,,,
v1.3,,ACTURIS-SDW,mo_sdw_policy,source_updated_time,c,For each policy id it is updated.,,fact_insured_risk,soure_updated_date,timestamp,When policy gets updated in source.,,,
v1.1,,ACTURIS-SDW,brdg_driver_group,temp_driver_flag,,Join fact_insured_risk table to brdgd_driver_group table through dim_driver_group where active_flag is Yes and  temp_driver_flag is Yes.,,fact_insured_risk,no_of_temporary_driver,bigint,Number of temporary drivers for policy are derived from brdg_driver_group table.,,,
v1.1,,ACTURIS-SDW,brdg_driver_group,active_flag,,Join fact_insured_risk table to brdgd_driver_group table through dim_driver_group where active_flag is Yes and temp_driver_flag  is No and permitted_driver_flag is Yes.,,fact_insured_risk,no_of_active_driver,bigint,Number of active drivers for policy are derived from brdg_driver_group table.,,,
v1.1,,ACTURIS-SDW,brdg_driver_group,active_flag,,Join fact_insured_risk table to brdg_driver_group table through dim_driver_group where active_flag is Yes and permitted_driver_flag is No.,,fact_insured_risk,no_of_inactive_driver,bigint,Number of inactive drivers for policy are derived from brdg_driver_group table.,,,
v1.1,,ACTURIS-SDW,mo_sdw_policy,mo_plc_exclude_from_autorenewal_key,,when mo_plc_exclude_from_autorenewal_key  is 1 then 0and  po.mo_plc_exclude_from_autorenewal_key is 2 then 1 ,,fact_insured_risk,auto_renewal,int,Whether policy is getting auto renewed or not.,,,
v1.1,,ACTURIS-SDW,mo_sdw_rating_notes,mo_rtng_note_full_description,,referral codes starting with R0 are extracted from the description.,,fact_insured_risk,override_code,varchar(65535),Rating notes in insurance policies provide explanations on how premiums are calculated based on the risk assessment of the insured.,,,
v1.7,,ACTURIS-SDW,mo_sdw_accepted_by_user,mo_acc_by_usr_logonid,,Direct mapping,,fact_insured_risk,src_login_id,,,,,
v1.7,,ACTURIS-SDW,mo_sdw_accepted_by_user,mo_acc_by_usr_user_name,,Direct mapping,,fact_insured_risk,src_user_name,,,,,
v1.7,,ACTURIS-SDW,,,,if user log in is not null and not N/A then channel is Agent,,fact_insured_risk,completion_channel,,,,,
v1.8,,ACTURIS-SDW,mo_sdw_product_question_answer,mo_prd_ques_ans_description,,"1. Join part table with  policy table on policy_key, part_answer_bridge table on part_key and product_question table on product_question_key 2. Populate when question_text column from product_question table is 'Is the customer on Telematics?'.",,fact_insured_risk,is_customer_on_telematics_flag,varchar(3),,,,
v1.8,,ACTURIS-SDW,mo_sdw_product_question_answer,mo_prd_ques_ans_description,,"1. Join part table with  policy table on policy_key, part_answer_bridge table on part_key and product_question table on product_question_key 2. Populate when question_text column from product_question table is 'Telematics device type'.",,fact_insured_risk,telematics_device_type,varchar(16383),,,,
v1.8,,ACTURIS-SDW,mo_sdw_product_question_answer,mo_prd_ques_ans_description,,"1. Join part table with  policy table on policy_key, part_answer_bridge table on part_key and product_question table on product_question_key 2. Populate when question_text column from product_question table is 'Exempt from IPT?'.",,fact_insured_risk,exempt_from_ipt,,,,,
Version,Segment,Sysytem Source ,Source Object Name (Curated),Source Field Name,Source Field Data Type,Transformation Rule,Target System Name ,Target Object Name ,Target Field Name,Target Field Data Type,Target Field Description,Default Value in Target,Mandatory,Comment
v1.3,POLICY,ACTURIS-SDW,,,,,,fact_insured_risk_snapshot,mta_policy_hist_id,bigint,These are policy ids which are not the latest on the policy number.,,,
v1.3,,,,,,,,fact_insured_risk_snapshot,tmta_policy_hist_id,bigint,,,,
v1.1,POLICY,ACTURIS-SDW,mo_sdw_policy,insured_policy_number,,lookup to policy_dim and get the policy_id based on insured_policy_number,,fact_insured_risk_snapshot,policy_id,bigint,This key is used to link the dim_policy to the fact_insured_risk in order to get policy level details against the transactions.,,, 
v1.1,POLICY,ACTURIS-SDW,mo_sdw_policy,mo_plc_business_event_description,,look up to dim_policy_life_cycle_status and get the policy_life_cycle_id based on policy_life_cycle_status,,fact_insured_risk_snapshot,lifecycle_status_id,bigint,This key is used to link the dim_lifecycle_status  to the fact_insured_risk in order to get status description against the transactions.,,, 
v1.1,POLICY,ACTURIS-SDW,mo_sdw_policy,mo_plc_policy_status_description,,look up to dim_transactional_status and get the transactional_status_id based on transactional_status,,fact_insured_risk_snapshot,transaction_status_id,bigint,This key is used to link the dim_transaction_status  to the fact_insured_risk in order to get status description against the transactions.,,, 
v1.1,POLICY,ACTURIS-SDW,"mo_sdw_policy, mo_sdw_mta_reason, mo_sdw_temporary_mta_reason","mo_mta_rsn_description, mo_temp_mta_rsn_description",,"1. Join mo_sdw_policy with  mo_sdw_mta_reason and  mo_sdw_temporary_mta_reason on mo_plc_mta_reason_key and mo_plc_temporary_mta_reason_key respectively and retrive mo_mta_rsn_description/mo_temp_mta_rsn_description. 2. Populate amendment_reason_id based on the retrived description from dim_amendment_reason table.
",,fact_insured_risk_snapshot,tmta_reason_id,bigint,This key is used to link the dim_amendment_reason  to the fact_insured_risk in order to get temporary mid term adjustment reason against the transactions.,,,
v1.1,POLICY,ACTURIS-SDW,"mo_sdw_policy, mo_sdw_mta_reason, mo_sdw_temporary_mta_reason","mo_mta_rsn_description, mo_temp_mta_rsn_description",,"1. Join mo_sdw_policy with  mo_sdw_mta_reason and  mo_sdw_temporary_mta_reason on mo_plc_mta_reason_key and mo_plc_temporary_mta_reason_key respectively and retrive mo_mta_rsn_description/mo_temp_mta_rsn_description. 2. Populate amendment_reason_id based on the retrived description from dim_amendment_reason table.
",,fact_insured_risk_snapshot,mta_reason_id,bigint,This key is used to link the dim_amendment_reason  to the fact_insured_risk in order to get mid term adjustment reason against the transactions.,,,
v1.3,,,,,,,,fact_insured_risk_snapshot,mta_channel_id,bigint,,,,
v1.1,POLICY,ACTURIS-SDW,dim_channel,originating_channel,,1. Populate channel_id based on the retrived description from dim_channel table on policy number and version ref,,fact_insured_risk_snapshot,tmta_channel_id,bigint,This key is used to link the dim_channel  to the fact_insured_risk in order to get the temporary channel how policy received against the transactions.,,,
v1.1,POLICY,ACTURIS-SDW,dim_party,src_client_key,,where party_role is  policyholder.,,fact_insured_risk_snapshot,policy_holder_id,bigint,This key is used to link the dim_party  to the fact_insured_risk in order to get policyholder details against the transactions.,,, 
v1.3,POLICY,ACTURIS-SDW,dim_party,src_client_key,,where party_role is appointee.,,fact_insured_risk_snapshot,policy_appointee_id,bigint,This key is used to link the dim_party  to the fact_insured_risk in order to get appointee details against the transactions.,,,
v1.1,POLICY,ACTURIS-SDW,"part_answer_bridge, product_question","mo_prt_ans_brd_answer_text,  question_text",,lookup to dim_vehicle and populate vehicle_id based on combination of answer_text  from part_answer_bridge when question_text = 'Registration number' from product_question_table.,,fact_insured_risk_snapshot,vehicle_id,bigint,This key is used to link the dim_vehicle  to the fact_insured_risk in order to get all vehicle details against the transactions.,,, 
v1.1,POLICY,ACTURIS-SDW,"part_answer_bridge, product_question","mo_prt_ans_brd_answer_text,  question_text",,lookup to dim_vehicle and populate vehicle_id based on combination of answer_text  from part_answer_bridge when question_text = 'Registration number' from product_question_table.,,fact_insured_risk_snapshot,temp_vehicle_id,bigint,This key is used to link the dim_vehicle  to the fact_insured_risk in order to get all temprory vehicle details against the transactions.,,, 
v1.1,POLICY,ACTURIS-SDW,mo_sdw_policy,"insured_policy_number, mo_plc_creation_date_key",,Combination of policy number and transaction date.,,fact_insured_risk_snapshot,insured_driver_group_id,bigint,This key is used to link the dim_driver_group  to the fact_insured_risk in order to get driver details for a policy against the transactions.,,, 
v1.1,POLICY,ACTURIS-SDW,"mo_sdw_address, mo_sdw_address_pii","mo_adrs_pii_address_line_1, mo_adrs_pii_address_line_2, mo_adrs_pii_address_line_3, mo_adrs_city",,lookup to dim_address and populate address_id for a policy_holder based on the client_id,,fact_insured_risk_snapshot,policy_holder_address_id,bigint,This key is used to link the dim_address  to the fact_insured_risk in order to get address against the transactions.,,, 
v1.1,POLICY,ACTURIS-SDW,mo_sdw_policy,mo_acc_by_usr_logonid,,logonid from policy to join with ewfmid in dim_user_hierarchy table,,fact_insured_risk_snapshot,user_hierarchy_id,bigint,This key is used to link the dim_user_hierarchy  to the fact_insured_risk in order to get user hierarchy level details against the transactions.,,,
v1.3,POLICY,ACTURIS-SDW,mo_sdw_policy,mo_plc_version_ref,,Direct Mapping,,fact_insured_risk_snapshot,src_policy_version_key,numeric(10),Detail of policy went under versions during updates.,,,
v1.3,POLICY,ACTURIS-SDW,mo_sdw_policy,mo_plc_version_ref,,,,fact_insured_risk_snapshot,live_src_policy_version_key,numeric(10),Detail of policy went under live versions only during updates.,,,
v1.1,POLICY,ACTURIS-SDW,mo_sdw_policy,mo_plc_effective_date_key,,Direct Mapping,,fact_insured_risk_snapshot,start_date_key,bigint,Start date id of an event or an action happened on a policy.,,, 
v1.1,POLICY,ACTURIS-SDW,mo_sdw_policy,mo_plc_term_end_date_key,,Direct Mapping,,fact_insured_risk_snapshot,end_date_key,bigint,This is policy end date id.,,, 
v1.1,POLICY,ACTURIS-SDW,mo_sdw_policy,mo_plc_accepted_date_key,,Direct Mapping,,fact_insured_risk_snapshot,accepted_date_key,bigint,Date id on which the action got accepted on a policy.,,,
v1.1,POLICY,ACTURIS-SDW,mo_sdw_policy,mo_plc_expiry_date_key,,Direct Mapping,,fact_insured_risk_snapshot,expiry_date_key,bigint,Date id on which the policy gets expired.,,,
v1.1,POLICY,ACTURIS-SDW,mo_sdw_policy,mo_plc_voided_date_key,,Direct Mapping,,fact_insured_risk_snapshot,voided_date_key,bigint,Date id on which the policy gets voided.,,,
v1.3,POLICY,ACTURIS-SDW,mo_sdw_policy,mo_plc_effective_date_key,,Direct Mapping,,fact_insured_risk_snapshot,temp_start_date_key,bigint,,,,
v1.3,POLICY,ACTURIS-SDW,mo_sdw_policy,mo_plc_term_end_date_key,,Direct Mapping,,fact_insured_risk_snapshot,temp_end_date_key,bigint,,,,
v1.3,POLICY,ACTURIS-SDW,mo_sdw_policy,mo_plc_creation_date_key,,It is the transaction date id of each and every update happens on a policy.,,fact_insured_risk_snapshot,transaction_date_key,bigint,It is the action happened on policy date id.,,,
v1.1,POLICY,ACTURIS-SDW,mo_sdw_policy,mo_plc_creation_date_key,,It is the transaction date of each and every update happens on a policy.,,fact_insured_risk_snapshot,transaction_date,timestamp,It is the action happened on policy date.,,,
v1.3,POLICY,ACTURIS-SDW,mo_sdw_policy,source_updated_time,,For each policy id it is updated.,,fact_insured_risk_snapshot,soure_updated_date,timestamp,When policy gets updated in source.,,,
v1.1,POLICY,ACTURIS-SDW,brdg_driver_group,temp_driver_flag,,Join fact_insured_risk table to brdgd_driver_group table through dim_driver_group where active_flag is Yes and  temp_driver_flag is Yes.,,fact_insured_risk_snapshot,no_of_temporary_driver,bigint,Number of temporary drivers for policy are derived from brdg_driver_group table.,,,
v1.1,POLICY,ACTURIS-SDW,brdg_driver_group,active_flag,,Join fact_insured_risk table to brdgd_driver_group table through dim_driver_group where active_flag is Yes and temp_driver_flag  is No and permitted_driver_flag is Yes.,,fact_insured_risk_snapshot,no_of_active_driver,bigint,Number of active drivers for policy are derived from brdg_driver_group table.,,,
v1.1,POLICY,ACTURIS-SDW,brdg_driver_group,active_flag,,Join fact_insured_risk table to brdg_driver_group table through dim_driver_group where active_flag is Yes and permitted_driver_flag is No.,,fact_insured_risk_snapshot,no_of_inactive_driver,bigint,Number of inactive drivers for policy are derived from brdg_driver_group table.,,,
v1.1,POLICY,ACTURIS-SDW,mo_sdw_policy,mo_plc_exclude_from_autorenewal_key,,when mo_plc_exclude_from_autorenewal_key  is 1 then 0and  po.mo_plc_exclude_from_autorenewal_key is 2 then 1 ,,fact_insured_risk_snapshot,auto_renewal,int,Whether policy is getting auto renewed or not.,,,
v1.1,POLICY,ACTURIS-SDW,mo_sdw_rating_notes,mo_rtng_note_full_description,,referral codes starting with R0 are extracted from the description.,,fact_insured_risk_snapshot,override_code,varchar(65535),referral_code from rating notes.,,,
v1.3,POLICY,ACTURIS-SDW,,,,,,fact_insured_risk_snapshot,temp_override_code,integer,,,,
v1.3,POLICY,ACTURIS-SDW,,,,,,fact_insured_risk_snapshot,void_ind,integer,,,,
v1.3,POLICY,ACTURIS-SDW,,,,,,fact_insured_risk_snapshot,nb_void_ind,integer,,,,
v1.3,POLICY,ACTURIS-SDW,mo_sdw_policy,mo_plc_policy_status_description,,when transaction_status is 'Live' then 1 else 0.,,fact_insured_risk_snapshot,policy_live_status,integer,Flag used to identify policy is live or not.,,,
Version,Segment,Sysytem Source ,Source Object Name (Curated),Source Field Name,Source Field Data Type,Transformation Rule,Target System Name ,Target Object Name ,Target Field Name,Target Field Data Type,Target Field Description,Default Value in Target,Mandatory,Comment
v1.4,POLICY,ACTURIS-SDW,mo_sdw_policy,insured_policy_number,,lookup to policy_dim and get the policy_id based on insured_policy_number,,fact_policy_process,policy_id,bigint,This key is used to link the dim_policy to the fact_policy_process in order to get policy level details against the process.,,,
v1.4,POLICY,ACTURIS-SDW,dim_party,src_client_key,,where party_role is  policyholder and appointee.,,fact_policy_process,party_id,bigint,This key is used to link the dim_party to the fact_policy_process in order to get customer level details against the process.,,,
v1.4,POLICY,ACTURIS-SDW,,,,"when mo_prc_rqt_completed_date_key is null then 'No' and  mo_prc_rqt_completed_date_key is not null then 'Yes',",,fact_policy_process,eligibility_run_flag,varchar(3),Whether any eligibility check which is part of a process happened on a policy or not.,,,
v1.4,POLICY,ACTURIS-SDW,mo_sdw_process_request,mo_prc_rqt_completed_date_key,,Direct Mapping,,fact_policy_process,eligibility_date,datetime,Date on which eligibility check gets completed.,,,
v1.4,POLICY,ACTURIS-SDW,mo_sdw_process_request_status,mo_prc_rqt_sts_description,,join mo_sdw_process_request to mo_sdw_process_request_status on mo_prc_rqt_process_request_status_key  and mo_prc_rqt_sts_process_request_status_key respectively. Populate mo_prc_rqt_sts_description.,,fact_policy_process,process_status,varchar(16383),Present status for the process happened when a policy undergo eligibility check.,,,
v1.4,POLICY,ACTURIS-SDW,mo_sdw_process_request,mo_prc_rqt_process_description,,Direct Mapping,,fact_policy_process,process_description,varchar(16383),"Description of all the processes happened. For example eligibility check happened on a policy, etc.",,,
v1.4,POLICY,ACTURIS-SDW,mo_sdw_process_request,mo_prc_rqt_process_notification,,Direct Mapping,,fact_policy_process,process_notification,varchar(16383),Notification of a process happened on the policy with the details.,,,
v1.5,POLICY,ACTURIS-SDW,mo_sdw_process_request,mo_prc_rqt_process_request_key,,Direct Mapping,,fact_policy_process,src_process_request_key,bigint,Source unique column used for reporting.,,,
Version,Segment,Sysytem Source ,Source Object Name (Curated),Source Field Name,Source Field Data Type,Transformation Rule,Target System Name ,Target Object Name ,Target Field Name,Target Field Data Type,Target Field Description,Default Value in Target,Mandatory,Comment
v1.1,POLICY,ACTURIS-SDW,,,,,,dim_amendment_reason,amendment_reason_id,bigint,"Primary Key for dim_amendment_reason, this column contains unique autogenerated values.",,,
v1.1,POLICY,ACTURIS-SDW,"mo_sdw_mta_reason, mo_sdw_temporary_mta_reason","mo_mta_rsn_description, mo_temp_mta_rsn_description",,Consider a union of distinct mo_mta_rsn_description and mo_temp_mta_rsn_description from mo_sdw_mta_reason and mo_sdw_temporary_mta_reason respectively.,,dim_amendment_reason,amendment_reason,varchar(16383),"Reason of the amendment like driver removal, policy type update, etc.",,Yes,
Version,Segment,Sysytem Source ,Source Object Name (Curated),Source Field Name,Source Field Data Type,Transformation Rule,Target System Name ,Target Object Name ,Target Field Name,Target Field Data Type,Target Field Description,Default Value in Target,Mandatory,Comment
v1.4,,,,,,,,dim_channel,channel_id,bigint,"Primary Key for dim_channel, this column contains unique autogenerated values.",,,
v1.2,POLICY,ACTURIS-SDW,mo_sdw_policy_reprt_answer,mo_rept_ans_answer_text,,"1. Join policy table with policy_reprt_fields_up  on policy_key, join policy_reprt_fields_up table with policy_reprt_question on policy_reprt_question_key and policy_reprt_answer on policy_reprt_question_key where question_text column from policy_reprt_question  like 'Originating Channel'.",,dim_channel,originating_channel,varchar(16383),Channel details from which the policy or its updates are raised.,,,
Version,Segment,Sysytem Source ,Source Object Name (Curated),Source Field Name,Source Field Data Type,Transformation Rule,Target System Name ,Target Object Name ,Target Field Name,Target Field Data Type,Target Field Description,Default Value in Target,Mandatory,Comment
v1.1,POLICY,ACTURIS-SDW,,,,,,dim_user_hierarchy,user_hierarchy_id,bigint,"Primary Key for dim_user_hierarchy, this column contains unique autogenerated values.",,,
v1.1,POLICY,ACTURIS-SDW,staff_hierarchy,area,,Direct Mapping,,dim_user_hierarchy,area,varchar(16383),"Area for which user is working. For example Motability,etc.",,,
v1.1,POLICY,ACTURIS-SDW,staff_hierarchy,managingdirector,,Direct Mapping,,dim_user_hierarchy,managingdirector,varchar(16383),Name of the managing director against the user.,,,
v1.1,POLICY,ACTURIS-SDW,staff_hierarchy,director,,Direct Mapping,,dim_user_hierarchy,director,varchar(16383),Name of the director against the user.,,,
v1.1,POLICY,ACTURIS-SDW,staff_hierarchy,clusterdirector,,Direct Mapping,,dim_user_hierarchy,clusterdirector,varchar(16383),Director of the cluster in which user belongs.,,,
v1.1,POLICY,ACTURIS-SDW,staff_hierarchy,centremanager,,Direct Mapping,,dim_user_hierarchy,centremanager,varchar(16383),Manager of the centre in which user belongs.,,,
v1.1,POLICY,ACTURIS-SDW,staff_hierarchy,rbspersno,,Direct Mapping,,dim_user_hierarchy,rbspersno,varchar(16383),old user number when dlg was rbs.,,,
v1.1,POLICY,ACTURIS-SDW,staff_hierarchy,agent,,Direct Mapping,,dim_user_hierarchy,agent,varchar(16383),Agent associated with the user.,,,
v1.1,POLICY,ACTURIS-SDW,staff_hierarchy,tl,,Direct Mapping,,dim_user_hierarchy,tl,varchar(16383),Team Lead.,,,
v1.1,POLICY,ACTURIS-SDW,staff_hierarchy,tlopid,,Direct Mapping,,dim_user_hierarchy,tlopid,varchar(16383),Team Lead Id,,,
v1.1,POLICY,ACTURIS-SDW,staff_hierarchy,manager,,Direct Mapping,,dim_user_hierarchy,manager,varchar(16383),Name of the manager against the user.,,,
v1.1,POLICY,ACTURIS-SDW,staff_hierarchy,site,,Direct Mapping,,dim_user_hierarchy,site,varchar(16383),User is working at which site.,,,
v1.1,POLICY,ACTURIS-SDW,staff_hierarchy,status,,Direct Mapping,,dim_user_hierarchy,status,varchar(16383),The current status of the user.,,,
v1.1,POLICY,ACTURIS-SDW,staff_hierarchy,startdate,,Direct Mapping,,dim_user_hierarchy,src_startdate,date,Date on which the user started.,,,
v1.1,POLICY,ACTURIS-SDW,staff_hierarchy,finishingdate,,Direct Mapping,,dim_user_hierarchy,finishingdate,date,Date on which the user ended.,,,
v1.1,POLICY,ACTURIS-SDW,staff_hierarchy,telsetnumber,,Direct Mapping,,dim_user_hierarchy,telsetnumber,varchar(16383),Number,,,
v1.1,POLICY,ACTURIS-SDW,staff_hierarchy,telsetname,,Direct Mapping,,dim_user_hierarchy,telsetname,varchar(16383),Name,,,
v1.1,POLICY,ACTURIS-SDW,staff_hierarchy,ewfmid,,Direct Mapping,,dim_user_hierarchy,ewfmid,varchar(16383),Acturis generated unique identification Id.,,,
v1.1,POLICY,ACTURIS-SDW,staff_hierarchy,,,Direct Mapping,,dim_user_hierarchy,racfid,varchar(16383),Unique Identification Id of the User associated with dlg.,,,
v1.1,POLICY,ACTURIS-SDW,staff_hierarchy,cicid,,Direct Mapping,,dim_user_hierarchy,cicid,varchar(16383),Same as Racfid,,,
v1.1,POLICY,ACTURIS-SDW,staff_hierarchy,role,,Direct Mapping,,dim_user_hierarchy,role,varchar(16383),Current role of the user.,,,
v1.1,POLICY,ACTURIS-SDW,staff_hierarchy,dept,,Direct Mapping,,dim_user_hierarchy,dept,varchar(16383),From which department does the user belongs.,,,
v1.1,POLICY,ACTURIS-SDW,staff_hierarchy,fte,,Direct Mapping,,dim_user_hierarchy,fte,varchar(16383),fte,,,
v1.1,POLICY,ACTURIS-SDW,staff_hierarchy,motor,,Direct Mapping,,dim_user_hierarchy,motor,boolean,Is User working for motor related policies.,,,
v1.1,POLICY,ACTURIS-SDW,staff_hierarchy,home,,Direct Mapping,,dim_user_hierarchy,home,boolean,Is User working for home related policies.,,,
v1.1,POLICY,ACTURIS-SDW,staff_hierarchy,pet,,Direct Mapping,,dim_user_hierarchy,pet,boolean,Is User working for pet related policies.,,,
v1.1,POLICY,ACTURIS-SDW,staff_hierarchy,travel,,Direct Mapping,,dim_user_hierarchy,travel,boolean,Is User working for travel related policies.,,,
v1.1,POLICY,ACTURIS-SDW,staff_hierarchy,region,,Direct Mapping,,dim_user_hierarchy,region,varchar(16383),Assigned region of the user.,,,
v1.1,POLICY,ACTURIS-SDW,staff_hierarchy,mla,,Direct Mapping,,dim_user_hierarchy,mla,varchar(16383),It is a flag column to identify mla.,,,
v1.1,POLICY,ACTURIS-SDW,staff_hierarchy,hla,,Direct Mapping,,dim_user_hierarchy,hla,varchar(16383),It is a flag column to identify hla.,,,
v1.1,POLICY,ACTURIS-SDW,staff_hierarchy,vtp_live_date,,Direct Mapping,,dim_user_hierarchy,vtp_live_date,date,Live date.,,,
v1.1,POLICY,ACTURIS-SDW,staff_hierarchy,vtp_telset_number,,Direct Mapping,,dim_user_hierarchy,vtp_telset_number,varchar(16383),Number,,,
v1.1,POLICY,ACTURIS-SDW,staff_hierarchy,valid_from,,Direct Mapping,,dim_user_hierarchy,valid_from,date,User related information is valid from which date.,,,
v1.1,POLICY,ACTURIS-SDW,staff_hierarchy,valid_to,,Direct Mapping,,dim_user_hierarchy,valid_to,date,User related information is valid till which date.,,,
v1.1,POLICY,ACTURIS-SDW,staff_hierarchy,ewfmid,,When ewfmid is null then 'Non Acturis' else 'Acturis'.,,dim_user_hierarchy,isacturis,varchar(11),User is from Acturis or not.,,,
v1.1,POLICY,ACTURIS-SDW,staff_hierarchy,valid_from ,,Direct Mapping,,dim_user_hierarchy,start_date,date,Date on which user started.,,,
v1.1,POLICY,ACTURIS-SDW,staff_hierarchy,valid_from ,,"1.Consider next valid_from by partitioning cicid, ewfmid and ordering by  valid_from,finishingdate. 2. Minus 1 from the derived date is end date.",,dim_user_hierarchy,end_date,date,Date on which user ended.,,,
v1.1,POLICY,ACTURIS-SDW,staff_hierarchy,,,current_timestamp,,dim_user_hierarchy,dap_update_timestamp,timestamp,This shows the update date and time if happened on a user.,,,
Version,Segment,Sysytem Source ,Source Object Name (Curated),Source Field Name,Source Field Data Type,Transformation Rule,Target System Name ,Target Object Name ,Target Field Name,Target Field Data Type,Target Field Description,Default Value in Target,Mandatory,Comment
v1.4,POLICY,ACTURIS-SDW,mo_sdw_activity_policy_bridge,mo_act_pol_brd_version_ref,,"1. join mo_sdw_task table to mo_sdw_activity_task_bridge on tsk_task_key  and act_tsk_brg_task_ref respectively. 
2. Join mo_sdw_activity_task_bridge and  mo_sdw_activity_policy_bridge  on  act_tsk_brg_activity_key and mo_act_pol_brd_activity_key respectively.
3. Join mo_sdw_activity_policy_bridge to mo_sdw_policy on version reference.
 4. Join mo_sdw_policy to dim_policy on policy number and populate policy_id from dim_policy.",,fact_task_detail,policy_id,,This key is used to link the dim_policy to the fact_task_details in order to get policy level details against the task.,,,
v1.1,POLICY,ACTURIS-SDW,mo_sdw_task,tsk_client_key,,Join mo_sdw_task table to dim_party  on tsk_client_key and src_client_key respectively and populate party_id from dim_party table.,,fact_task_detail,party_id,,This key is used to link the dim_party to the fact_task_detail in order to get customer level details against the task.,,,
v1.1,POLICY,ACTURIS-SDW,mo_sdw_task,tsk_created_by_user_key,,Populate user id from user dimension using tsk_created_by_user_key,,fact_task_detail,task_created_user_id,,The user who created the task.,,,
v1.1,POLICY,ACTURIS-SDW,mo_sdw_task,tsk_completed_by_user_key,,Populate user id from user dimension using tsk_completed_by_user_key,,fact_task_detail,task_completed_user_id,,The user who completed the task.,,,
v1.1,POLICY,ACTURIS-SDW,mo_sdw_task,tsk_last_updated_by_user_key,,Populate user id from user dimension using tsk_last_updated_by_user_key where task_status is 'Rejected'.,,fact_task_detail,task_rejected_user_id,,The user who rejected the task.,,,
v1.1,POLICY,ACTURIS-SDW,mo_sdw_task,tsk_completed_date_key,,Populate date key from dim_calendar,,fact_task_detail,task_closed_date_key,,Date on which the task is closed.,,,
v1.1,POLICY,ACTURIS-SDW,mo_sdw_task,tsk_task_completed_time_key,,Populate time only ,,fact_task_detail,task_closed_time,,Time on which the task is closed.,,,
v1.1,POLICY,ACTURIS-SDW,mo_sdw_task,tsk_task_created_date_key,,Populate date key from dim_calendar,,fact_task_detail,task_created_date_key,,Date on which the task is created.,,,
v1.1,POLICY,ACTURIS-SDW,mo_sdw_task,tsk_task_created_time_key,,Populate time only ,,fact_task_detail,task_created_time,,Time on which the task is created.,,,
v1.1,POLICY,ACTURIS-SDW,mo_sdw_task,tsk_task_key,,Direct Mapping,,fact_task_detail,task_ref,,Task reference or task key of each and every task.,,,
v1.1,POLICY,ACTURIS-SDW,mo_sdw_task,tsk_task_status_description,,Direct Mapping,,fact_task_detail,task_status,,Status of the task.,,,
v1.1,POLICY,ACTURIS-SDW,mo_sdw_task,tsk_task_description,,Direct Mapping,,fact_task_detail,task_description,,Detailed Description of the task which is created.,,,
v1.1,POLICY,ACTURIS-SDW,mo_sdw_task,tsk_task_title,,Direct Mapping,,fact_task_detail,task_title,,Title of the task created.,,,
v1.4,POLICY,ACTURIS-SDW,mo_sdw_activity_type,mo_act_typ_description,,Populate type of activity using tsk_activity_type_key from mo_sdw_task to mo_act_typ_activity_type_key from mo_sdw_activity_type and use mo_act_typ_description for activity_type.,,fact_task_detail,activity_type,,Activity type related to the task.,,,
v1.6,POLICY,ACTURIS-SDW,mo_sdw_task,tsk_deleted_date_key,,Populate date key from dim_calendar,,fact_task_detail,task_rejected_date_key,,Date on which the task is deleted.,,,
v1.6,POLICY,ACTURIS-SDW,mo_sdw_task,tsk_deleted_date_key,,Populate time only ,,fact_task_detail,task_rejected_time,,Time on which the task is deleted.,,,
v1.7,POLICY,ACTURIS-SDW,mo_sdw_accepted_by_user,mo_acc_by_usr_logonid,,Direct Mapping,,fact_task_detail,src_login_id ,,,,,
,,,mo_sdw_accepted_by_user,mo_acc_by_usr_user_name,,Direct Mapping,,fact_task_detail,src_user_name,,,,,
,,,,,,,,,,,,,,
,,,,,,,,,,,,,,
,,,,,,,,,,,,,,
,,,,,,,,,,,,,,
,,,,,,,,,,,,,,
,,,,,,,,,,,,,,
,,,,,,,,,,,,,,
,,,,,,,,,,,,,,
,,,,,,,,,,,,,,
,,,,,,,,,,,,,,
,,,,,,,,,,,,,,
,,,,,,,,,,,,,,
,,,,,,,,,,,,,,
,,,,,,,,,,,,,,
,,,,,,,,,,,,,,
,,,,,,,,,,,,,,
,,,,,,,,,,,,,,
,,,,,,,,,,,,,,
,,,,,,,,,,,,,,
,,,,,,,,,,,,,,
,,,,,,,,,,,,,,
,,,,,,,,,,,,,,
,,,,,,,,,,,,,,
,,,,,,,,,,,,,,
,,,,,,,,,,,,,,
,,,,,,,,,,,,,,
,,,,,,,,,,,,,,
,,,,,,,,,,,,,,
,,,,,,,,,,,,,,
,,,,,,,,,,,,,,
,,,,,,,,,,,,,,
,,,,,,,,,,,,,,
,,,,,,,,,,,,,,
,,,,,,,,,,,,,,
,,,,,,,,,,,,,,
,,,,,,,,,,,,,,
,,,,,,,,,,,,,,
,,,,,,,,,,,,,,
,,,,,,,,,,,,,,
,,,,,,,,,,,,,,
,,,,,,,,,,,,,,
,,,,,,,,,,,,,,
,,,,,,,,,,,,,,
,,,,,,,,,,,,,,
,,,,,,,,,,,,,,
,,,,,,,,,,,,,,
,,,,,,,,,,,,,,
,,,,,,,,,,,,,,
,,,,,,,,,,,,,,
,,,,,,,,,,,,,,
,,,,,,,,,,,,,,
,,,,,,,,,,,,,,
,,,,,,,,,,,,,,
,,,,,,,,,,,,,,
,,,,,,,,,,,,,,
,,,,,,,,,,,,,,
,,,,,,,,,,,,,,
,,,,,,,,,,,,,,
,,,,,,,,,,,,,,
,,,,,,,,,,,,,,
,,,,,,,,,,,,,,
,,,,,,,,,,,,,,
,,,,,,,,,,,,,,
,,,,,,,,,,,,,,
,,,,,,,,,,,,,,
,,,,,,,,,,,,,,
,,,,,,,,,,,,,,
,,,,,,,,,,,,,,
,,,,,,,,,,,,,,
,,,,,,,,,,,,,,
